iso_aar,iso_uke,uke_start,uke_kode,eksport_volum_tonn,eksport_pris_nok_kg,eur_nok_snitt,eur_nok_ukeslutt,usd_nok_snitt,usd_nok_ukeslutt,fao_global_atlantisk_tonn,fao_norge_tonn,fao_eks_norge_tonn
2010,1,2010-01-04,2010U01,11067,29.82,8.1993,8.1695,5.71322,5.7237,1439238.0,940180.0,499058.0
2010,2,2010-01-11,2010U02,10808,28.17,8.1615,8.143,5.633979999999999,5.6651,1439238.0,940180.0,499058.0
2010,3,2010-01-18,2010U03,10891,28.92,8.1533,8.1955,5.7438199999999995,5.798,1439238.0,940180.0,499058.0
2010,4,2010-01-25,2010U04,10967,29.69,8.2126,8.212,5.84346,5.88,1439238.0,940180.0,499058.0
2010,5,2010-02-01,2010U05,10826,31.84,8.1789,8.2195,5.8954,6.0036,1439238.0,940180.0,499058.0
2010,6,2010-02-08,2010U06,10929,34.23,8.1188,8.063,5.92922,5.9409,1439238.0,940180.0,499058.0
2010,7,2010-02-15,2010U07,10891,34.88,8.0569,8.1055,5.91854,5.9956,1439238.0,940180.0,499058.0
2010,8,2010-02-22,2010U08,9293,33.76,8.0338,8.0435,5.92392,5.9274,1439238.0,940180.0,499058.0
2010,9,2010-03-01,2010U09,10902,35.37,8.0559,8.049,5.92666,5.9262,1439238.0,940180.0,499058.0
2010,10,2010-03-08,2010U10,11640,35.87,8.0258,8.033,5.87976,5.8358,1439238.0,940180.0,499058.0
2010,11,2010-03-15,2010U11,11921,36.65,8.0024,7.973,5.8505,5.885,1439238.0,940180.0,499058.0
2010,12,2010-03-22,2010U12,13320,35.12,8.0579,8.098,6.01028,6.0646,1439238.0,940180.0,499058.0
2010,13,2010-03-29,2010U13,7751,38.46,8.045666666666667,8.029,5.978400000000001,5.9826,1439238.0,940180.0,499058.0
2010,14,2010-04-05,2010U14,9929,39.26,7.9661,7.9365,5.96535,5.9298,1439238.0,940180.0,499058.0
2010,15,2010-04-12,2010U15,11632,39.6,7.981,7.955,5.88032,5.8774,1439238.0,940180.0,499058.0
2010,16,2010-04-19,2010U16,11073,37.92,7.920399999999999,7.8765,5.915979999999999,5.9173,1439238.0,940180.0,499058.0
2010,17,2010-04-26,2010U17,10955,38.62,7.8514,7.8445,5.90984,5.8915,1439238.0,940180.0,499058.0
2010,18,2010-05-03,2010U18,11785,38.87,7.8438,7.954,6.061,6.2404,1439238.0,940180.0,499058.0
2010,19,2010-05-10,2010U19,10533,39.51,7.8055,7.726,6.141225,6.1848,1439238.0,940180.0,499058.0
2010,20,2010-05-17,2010U20,10629,41.78,7.9295,8.143,6.40385,6.516,1439238.0,940180.0,499058.0
2010,21,2010-05-24,2010U21,11535,39.65,8.013,7.9615,6.518825,6.4289,1439238.0,940180.0,499058.0
2010,22,2010-05-31,2010U22,12513,38.03,7.903999999999999,7.851,6.47808,6.51,1439238.0,940180.0,499058.0
2010,23,2010-06-07,2010U23,11780,37.16,7.914499999999999,7.835,6.586740000000001,6.4608,1439238.0,940180.0,499058.0
2010,24,2010-06-14,2010U24,12639,38.74,7.8557999999999995,7.8615,6.38496,6.3543,1439238.0,940180.0,499058.0
2010,25,2010-06-21,2010U25,12280,40.05,7.9372,7.9885,6.455760000000001,6.4979,1439238.0,940180.0,499058.0
2010,26,2010-06-28,2010U26,12245,39.09,7.985200000000001,8.063,6.47286,6.4257,1439238.0,940180.0,499058.0
2010,27,2010-07-05,2010U27,11817,40.07,8.0673,8.042,6.405379999999999,6.3639,1439238.0,940180.0,499058.0
2010,28,2010-07-12,2010U28,11275,40.73,7.975700000000001,8.053,6.264,6.1946,1439238.0,940180.0,499058.0
2010,29,2010-07-19,2010U29,10242,38.5,8.0451,7.966,6.24958,6.1766,1439238.0,940180.0,499058.0
2010,30,2010-07-26,2010U30,10625,38.49,7.978700000000001,7.9405,6.13256,6.0949,1439238.0,940180.0,499058.0
2010,31,2010-08-02,2010U31,9884,38.85,7.876399999999999,7.8775,5.9797199999999995,5.9787,1439238.0,940180.0,499058.0
2010,32,2010-08-09,2010U32,10182,39.85,7.9305,7.926,6.102639999999999,6.1927,1439238.0,940180.0,499058.0
2010,33,2010-08-16,2010U33,11048,41.31,7.9298,7.964,6.185,6.2654,1439238.0,940180.0,499058.0
2010,34,2010-08-23,2010U34,12120,39.58,7.9686,7.9785,6.29104,6.2759,1439238.0,940180.0,499058.0
2010,35,2010-08-30,2010U35,12697,37.62,7.9444,7.889,6.22326,6.147,1439238.0,940180.0,499058.0
2010,36,2010-09-06,2010U36,13132,37.07,7.8801000000000005,7.876,6.18014,6.1894,1439238.0,940180.0,499058.0
2010,37,2010-09-13,2010U37,12597,36.76,7.9094999999999995,7.965,6.1052599999999995,6.0988,1439238.0,940180.0,499058.0
2010,38,2010-09-20,2010U38,13516,37.86,7.929399999999999,7.9475,5.981260000000001,5.9257,1439238.0,940180.0,499058.0
2010,39,2010-09-27,2010U39,13536,37.2,7.971299999999999,8.04,5.8681399999999995,5.8575,1439238.0,940180.0,499058.0
2010,40,2010-10-04,2010U40,13279,36.15,8.057599999999999,8.1,5.8234,5.8383,1439238.0,940180.0,499058.0
2010,41,2010-10-11,2010U41,13935,37.84,8.1089,8.0925,5.79932,5.7438,1439238.0,940180.0,499058.0
2010,42,2010-10-18,2010U42,13539,37.31,8.1518,8.143,5.85918,5.844,1439238.0,940180.0,499058.0
2010,43,2010-10-25,2010U43,14335,36.11,8.1401,8.192,5.85984,5.9118,1439238.0,940180.0,499058.0
2010,44,2010-11-01,2010U44,13748,36.06,8.1647,8.119,5.80858,5.7647,1439238.0,940180.0,499058.0
2010,45,2010-11-08,2010U45,13988,35.76,8.092400000000001,8.133,5.86076,5.9317,1439238.0,940180.0,499058.0
2010,46,2010-11-15,2010U46,14497,36.3,8.1699,8.2,6.00392,5.9968,1439238.0,940180.0,499058.0
2010,47,2010-11-22,2010U47,15255,36.05,8.1726,8.177,6.0969999999999995,6.183,1439238.0,940180.0,499058.0
2010,48,2010-11-29,2010U48,15346,38.42,8.068900000000001,8.005,6.14476,6.0433,1439238.0,940180.0,499058.0
2010,49,2010-12-06,2010U49,17626,43.13,7.9599,7.9375,6.00294,5.9933,1439238.0,940180.0,499058.0
2010,50,2010-12-13,2010U50,17716,43.46,7.8952,7.8925,5.9311,5.9521,1439238.0,940180.0,499058.0
2010,51,2010-12-20,2010U51,10713,43.24,7.85775,7.837,5.989375,5.9989,1439238.0,940180.0,499058.0
2010,52,2010-12-27,2010U52,7752,40.37,7.8202,7.8125,5.9168199999999995,5.8564,1439238.0,940180.0,499058.0
2011,1,2011-01-03,2011U01,9309,38.43,7.7704,7.726,5.88432,5.961,1737714.0,1065576.0,672138.0
2011,2,2011-01-10,2011U02,11133,39.96,7.7575,7.85,5.9338,5.8806,1737714.0,1065576.0,672138.0
2011,3,2011-01-17,2011U03,11853,40.44,7.839700000000001,7.892,5.83484,5.8368,1737714.0,1065576.0,672138.0
2011,4,2011-01-24,2011U04,11570,38.82,7.8907,7.933,5.778740000000001,5.7863,1737714.0,1065576.0,672138.0
2011,5,2011-01-31,2011U05,10320,39.98,7.8718,7.8075,5.73536,5.7278,1737714.0,1065576.0,672138.0
2011,6,2011-02-07,2011U06,10817,39.71,7.885599999999999,7.93,5.8014600000000005,5.8636,1737714.0,1065576.0,672138.0
2011,7,2011-02-14,2011U07,10982,40.81,7.8202,7.7555,5.78042,5.6913,1737714.0,1065576.0,672138.0
2011,8,2011-02-21,2011U08,10585,41.61,7.7485,7.764,5.6476,5.6416,1737714.0,1065576.0,672138.0
2011,9,2011-02-28,2011U09,10941,40.89,7.7235,7.78,5.57452,5.5743,1737714.0,1065576.0,672138.0
2011,10,2011-03-07,2011U10,12801,40.56,7.7707,7.8055,5.59522,5.6672,1737714.0,1065576.0,672138.0
2011,11,2011-03-14,2011U11,12165,40.44,7.8787,7.883,5.634539999999999,5.5789,1737714.0,1065576.0,672138.0
2011,12,2011-03-21,2011U12,11899,40.79,7.8887,7.884,5.5724,5.5855,1737714.0,1065576.0,672138.0
2011,13,2011-03-28,2011U13,10941,40.94,7.8569,7.8055,5.569599999999999,5.5198,1737714.0,1065576.0,672138.0
2011,14,2011-04-04,2011U14,12729,42.2,7.8031999999999995,7.802,5.4653599999999996,5.4177,1737714.0,1065576.0,672138.0
2011,15,2011-04-11,2011U15,13763,43.61,7.843500000000001,7.808,5.4282200000000005,5.4035,1737714.0,1065576.0,672138.0
2011,16,2011-04-18,2011U16,8130,43.08,7.7749999999999995,7.7735,5.4243,5.3889,1737714.0,1065576.0,672138.0
2011,17,2011-04-25,2011U17,9888,42.71,7.789875,7.782,5.286975,5.2369,1737714.0,1065576.0,672138.0
2011,18,2011-05-02,2011U18,11889,42.21,7.8651,7.945,5.3283000000000005,5.4789,1737714.0,1065576.0,672138.0
2011,19,2011-05-09,2011U19,13036,40.05,7.820099999999999,7.8405,5.4653,5.4905,1737714.0,1065576.0,672138.0
2011,20,2011-05-16,2011U20,10413,38.75,7.875875,7.828,5.539425,5.4983,1737714.0,1065576.0,672138.0
2011,21,2011-05-23,2011U21,12609,36.67,7.8138000000000005,7.769,5.533340000000001,5.4462,1737714.0,1065576.0,672138.0
2011,22,2011-05-30,2011U22,10992,36.08,7.75875,7.7965,5.39255,5.3814,1737714.0,1065576.0,672138.0
2011,23,2011-06-06,2011U23,13201,34.11,7.8554,7.8555,5.38374,5.4228,1737714.0,1065576.0,672138.0
2011,24,2011-06-13,2011U24,11833,33.37,7.841125,7.8695,5.4937000000000005,5.5147,1737714.0,1065576.0,672138.0
2011,25,2011-06-20,2011U25,13159,31.61,7.8581,7.7825,5.50008,5.4729,1737714.0,1065576.0,672138.0
2011,26,2011-06-27,2011U26,12880,28.54,7.793899999999999,7.79,5.42544,5.3769,1737714.0,1065576.0,672138.0
2011,27,2011-07-04,2011U27,12160,31.2,7.7533,7.745,5.40192,5.4381,1737714.0,1065576.0,672138.0
2011,28,2011-07-11,2011U28,13277,33.21,7.8111999999999995,7.8665,5.54368,5.5609,1737714.0,1065576.0,672138.0
2011,29,2011-07-18,2011U29,12758,30.11,7.815099999999999,7.7675,5.5022199999999994,5.3975,1737714.0,1065576.0,672138.0
2011,30,2011-07-25,2011U30,10897,30.62,7.750400000000001,7.737,5.3961,5.4257,1737714.0,1065576.0,672138.0
2011,31,2011-08-01,2011U31,11197,29.35,7.7092,7.784,5.4088,5.4991,1737714.0,1065576.0,672138.0
2011,32,2011-08-08,2011U32,12169,29.59,7.810899999999999,7.826,5.4813,5.4919,1737714.0,1065576.0,672138.0
2011,33,2011-08-15,2011U33,12639,28.91,7.839,7.8575,5.45146,5.4623,1737714.0,1065576.0,672138.0
2011,34,2011-08-22,2011U34,13788,26.55,7.8096000000000005,7.7735,5.413259999999999,5.3975,1737714.0,1065576.0,672138.0
2011,35,2011-08-29,2011U35,13819,27.27,7.7294,7.6765,5.37674,5.3851,1737714.0,1065576.0,672138.0
2011,36,2011-09-05,2011U36,14804,27.47,7.580299999999999,7.5315,5.40522,5.4509,1737714.0,1065576.0,672138.0
2011,37,2011-09-12,2011U37,14613,25.97,7.7075000000000005,7.738,5.61894,5.6235,1737714.0,1065576.0,672138.0
2011,38,2011-09-19,2011U38,14992,26.59,7.7944,7.8855,5.74328,5.8716,1737714.0,1065576.0,672138.0
2011,39,2011-09-26,2011U39,16079,25.23,7.8324,7.888,5.77388,5.8417,1737714.0,1065576.0,672138.0
2011,40,2011-10-03,2011U40,16648,24.55,7.8194,7.8,5.8753,5.8062,1737714.0,1065576.0,672138.0
2011,41,2011-10-10,2011U41,16376,24.2,7.7738,7.7455,5.6746,5.6098,1737714.0,1065576.0,672138.0
2011,42,2011-10-17,2011U42,16207,23.01,7.728400000000001,7.706,5.60976,5.5849,1737714.0,1065576.0,672138.0
2011,43,2011-10-24,2011U43,15906,21.63,7.6771,7.6725,5.4919400000000005,5.4184,1737714.0,1065576.0,672138.0
2011,44,2011-10-31,2011U44,15301,24.18,7.740600000000001,7.764,5.61104,5.6371,1737714.0,1065576.0,672138.0
2011,45,2011-11-07,2011U45,16194,25.23,7.7462,7.752,5.660200000000001,5.6791,1737714.0,1065576.0,672138.0
2011,46,2011-11-14,2011U46,17327,24.16,7.797499999999999,7.82,5.75642,5.7602,1737714.0,1065576.0,672138.0
2011,47,2011-11-21,2011U47,18890,26.15,7.8302000000000005,7.836,5.84536,5.9234,1737714.0,1065576.0,672138.0
2011,48,2011-11-28,2011U48,18710,26.06,7.7974000000000006,7.766,5.81014,5.7479,1737714.0,1065576.0,672138.0
2011,49,2011-12-05,2011U49,19953,25.9,7.699299999999999,7.677,5.7451799999999995,5.736,1737714.0,1065576.0,672138.0
2011,50,2011-12-12,2011U50,22369,28.49,7.7455,7.7815,5.912380000000001,5.9564,1737714.0,1065576.0,672138.0
2011,51,2011-12-19,2011U51,16499,26.9,7.7507,7.782,5.93734,5.96,1737714.0,1065576.0,672138.0
2011,52,2011-12-26,2011U52,9721,26.4,7.780375,7.754,5.9884,5.9927,1737714.0,1065576.0,672138.0
2012,1,2012-01-02,2012U01,11785,25.65,7.709300000000001,7.6745,5.9759,6.007,2076684.0,1232797.0,843887.0
2012,2,2012-01-09,2012U02,12528,24.95,7.6666,7.693,6.01202,6.0238,2076684.0,1232797.0,843887.0
2012,3,2012-01-16,2012U03,13994,26.71,7.6721,7.66,5.9845,5.9371,2076684.0,1232797.0,843887.0
2012,4,2012-01-23,2012U04,12990,25.26,7.655500000000001,7.645,5.8663799999999995,5.8159,2076684.0,1232797.0,843887.0
2012,5,2012-01-30,2012U05,13226,25.31,7.6566,7.644,5.82566,5.8085,2076684.0,1232797.0,843887.0
2012,6,2012-02-06,2012U06,12883,27.51,7.618399999999999,7.618,5.77996,5.776,2076684.0,1232797.0,843887.0
2012,7,2012-02-13,2012U07,13613,28.49,7.536700000000001,7.4975,5.739800000000001,5.6976,2076684.0,1232797.0,843887.0
2012,8,2012-02-20,2012U08,14382,29.84,7.4915,7.4785,5.63884,5.576,2076684.0,1232797.0,843887.0
2012,9,2012-02-27,2012U09,15829,28.77,7.4522,7.4205,5.577,5.6144,2076684.0,1232797.0,843887.0
2012,10,2012-03-05,2012U10,15525,28.64,7.4402,7.46,5.64292,5.6554,2076684.0,1232797.0,843887.0
2012,11,2012-03-12,2012U11,16395,29.07,7.5185,7.548,5.74716,5.7548,2076684.0,1232797.0,843887.0
2012,12,2012-03-19,2012U12,17175,28.27,7.6057999999999995,7.638,5.76352,5.768,2076684.0,1232797.0,843887.0
2012,13,2012-03-26,2012U13,18334,26.64,7.6054,7.604,5.712059999999999,5.6933,2076684.0,1232797.0,843887.0
2012,14,2012-04-02,2012U14,9286,29.61,7.560833333333334,7.572,5.695899999999999,5.7409,2076684.0,1232797.0,843887.0
2012,15,2012-04-09,2012U15,15530,29.34,7.598625,7.599,5.784375,5.7796,2076684.0,1232797.0,843887.0
2012,16,2012-04-16,2012U16,16510,28.7,7.5497,7.547,5.760859999999999,5.7209,2076684.0,1232797.0,843887.0
2012,17,2012-04-23,2012U17,15370,29.11,7.5685,7.588,5.7387999999999995,5.7359,2076684.0,1232797.0,843887.0
2012,18,2012-04-30,2012U18,13019,29.11,7.5603750000000005,7.561,5.74935,5.7577,2076684.0,1232797.0,843887.0
2012,19,2012-05-07,2012U19,16526,29.06,7.5652,7.5815,5.82726,5.8572,2076684.0,1232797.0,843887.0
2012,20,2012-05-14,2012U20,14425,31.27,7.607125,7.5975,5.947275,5.9724,2076684.0,1232797.0,843887.0
2012,21,2012-05-21,2012U21,16542,29.51,7.571600000000001,7.551,5.98282,6.0187,2076684.0,1232797.0,843887.0
2012,22,2012-05-28,2012U22,15328,28.3,7.53325,7.5745,6.0649999999999995,6.1471,2076684.0,1232797.0,843887.0
2012,23,2012-06-04,2012U23,16993,26.42,7.5984,7.5995,6.0872399999999995,6.0952,2076684.0,1232797.0,843887.0
2012,24,2012-06-11,2012U24,17607,25.92,7.528999999999999,7.524,6.00242,5.9733,2076684.0,1232797.0,843887.0
2012,25,2012-06-18,2012U25,16734,27.59,7.5063,7.4865,5.94334,5.9706,2076684.0,1232797.0,843887.0
2012,26,2012-06-25,2012U26,15826,26.9,7.5200000000000005,7.533,6.02104,5.9833,2076684.0,1232797.0,843887.0
2012,27,2012-07-02,2012U27,16555,27.7,7.5113,7.519,6.0063,6.075,2076684.0,1232797.0,843887.0
2012,28,2012-07-09,2012U28,16064,26.9,7.4739,7.441,6.10608,6.1067,2076684.0,1232797.0,843887.0
2012,29,2012-07-16,2012U29,14412,26.4,7.4620999999999995,7.423,6.098599999999999,6.0844,2076684.0,1232797.0,843887.0
2012,30,2012-07-23,2012U30,14355,26.56,7.3989,7.473,6.07426,6.0672,2076684.0,1232797.0,843887.0
2012,31,2012-07-30,2012U31,15238,27.17,7.4006,7.37,6.0247399999999995,6.0188,2076684.0,1232797.0,843887.0
2012,32,2012-08-06,2012U32,15064,28.31,7.324299999999999,7.27,5.93406,5.9289,2076684.0,1232797.0,843887.0
2012,33,2012-08-13,2012U33,15317,27.36,7.313899999999999,7.3295,5.9383,5.9411,2076684.0,1232797.0,843887.0
2012,34,2012-08-20,2012U34,15533,27.67,7.326300000000001,7.302,5.88624,5.8383,2076684.0,1232797.0,843887.0
2012,35,2012-08-27,2012U35,16542,29.1,7.2935,7.2925,5.809,5.7827,2076684.0,1232797.0,843887.0
2012,36,2012-09-03,2012U36,16474,28.6,7.3286,7.373,5.80998,5.8028,2076684.0,1232797.0,843887.0
2012,37,2012-09-10,2012U37,17354,26.92,7.406699999999999,7.4285,5.7451799999999995,5.6728,2076684.0,1232797.0,843887.0
2012,38,2012-09-17,2012U38,18359,26.02,7.444599999999999,7.4215,5.71924,5.7141,2076684.0,1232797.0,843887.0
2012,39,2012-09-24,2012U39,18459,23.99,7.3979,7.3695,5.7351,5.6995,2076684.0,1232797.0,843887.0
2012,40,2012-10-01,2012U40,17312,24.28,7.3969,7.3935,5.71954,5.6864,2076684.0,1232797.0,843887.0
2012,41,2012-10-08,2012U41,17499,26.66,7.3977,7.4005,5.71802,5.7059,2076684.0,1232797.0,843887.0
2012,42,2012-10-15,2012U42,18298,26.24,7.3915999999999995,7.384,5.6607,5.6647,2076684.0,1232797.0,843887.0
2012,43,2012-10-22,2012U43,17301,25.1,7.4334999999999996,7.4675,5.7261,5.7852,2076684.0,1232797.0,843887.0
2012,44,2012-10-29,2012U44,17795,27.02,7.395300000000001,7.3305,5.71706,5.7047,2076684.0,1232797.0,843887.0
2012,45,2012-11-05,2012U45,17867,26.59,7.3175,7.3015,5.73898,5.7519,2076684.0,1232797.0,843887.0
2012,46,2012-11-12,2012U46,18453,27.73,7.336,7.3695,5.762040000000001,5.7823,2076684.0,1232797.0,843887.0
2012,47,2012-11-19,2012U47,19372,26.63,7.337300000000001,7.329,5.7165,5.6774,2076684.0,1232797.0,843887.0
2012,48,2012-11-26,2012U48,19394,27.15,7.3524,7.376,5.67354,5.68,2076684.0,1232797.0,843887.0
2012,49,2012-12-03,2012U49,21897,29.16,7.3436,7.3305,5.6325,5.6804,2076684.0,1232797.0,843887.0
2012,50,2012-12-10,2012U50,23674,30.78,7.3392,7.3715,5.63514,5.6353,2076684.0,1232797.0,843887.0
2012,51,2012-12-17,2012U51,23219,29.56,7.3622,7.3155,5.5695,5.5383,2076684.0,1232797.0,843887.0
2012,52,2012-12-24,2012U52,7356,33.11,7.35675,7.3375,5.563000000000001,5.5659,2076684.0,1232797.0,843887.0
2013,1,2012-12-31,2013U01,10364,33.57,7.312250000000001,7.299,5.56465,5.6094,2096080.0,1168803.0,927277.0
2013,2,2013-01-07,2013U02,15684,33.35,7.3206999999999995,7.349,5.5827,5.5364,2096080.0,1168803.0,927277.0
2013,3,2013-01-14,2013U03,15135,34.76,7.4094999999999995,7.46,5.55964,5.5989,2096080.0,1168803.0,927277.0
2013,4,2013-01-21,2013U04,14010,36.51,7.425,7.424,5.55872,5.5119,2096080.0,1168803.0,927277.0
2013,5,2013-01-28,2013U05,13732,35.27,7.4301,7.4275,5.49484,5.4438,2096080.0,1168803.0,927277.0
2013,6,2013-02-04,2013U06,13631,34.84,7.4181,7.391,5.492839999999999,5.5264,2096080.0,1168803.0,927277.0
2013,7,2013-02-11,2013U07,14332,36.13,7.3785,7.3945,5.509659999999999,5.5493,2096080.0,1168803.0,927277.0
2013,8,2013-02-18,2013U08,13163,37.03,7.4346000000000005,7.467,5.59508,5.6628,2096080.0,1168803.0,927277.0
2013,9,2013-02-25,2013U09,13550,38.97,7.4733,7.4855,5.695860000000001,5.7581,2096080.0,1168803.0,927277.0
2013,10,2013-03-04,2013U10,14576,38.9,7.434100000000001,7.4435,5.7031,5.6864,2096080.0,1168803.0,927277.0
2013,11,2013-03-11,2013U11,15892,37.7,7.4783,7.5325,5.74816,5.7562,2096080.0,1168803.0,927277.0
2013,12,2013-03-18,2013U12,18376,36.02,7.5309,7.5395,5.82202,5.8229,2096080.0,1168803.0,927277.0
2013,13,2013-03-25,2013U13,10986,37.93,7.504833333333333,7.474,5.8289,5.8256,2096080.0,1168803.0,927277.0
2013,14,2013-04-01,2013U14,11291,39.85,7.4525,7.4475,5.7963249999999995,5.7536,2096080.0,1168803.0,927277.0
2013,15,2013-04-08,2013U15,13550,42.27,7.481,7.482,5.72646,5.7325,2096080.0,1168803.0,927277.0
2013,16,2013-04-15,2013U16,13438,43.23,7.552199999999999,7.5965,5.76516,5.7922,2096080.0,1168803.0,927277.0
2013,17,2013-04-22,2013U17,14289,42.0,7.6479,7.6215,5.872920000000001,5.8631,2096080.0,1168803.0,927277.0
2013,18,2013-04-29,2013U18,13265,42.41,7.602625,7.6075,5.793675,5.8011,2096080.0,1168803.0,927277.0
2013,19,2013-05-06,2013U19,14217,42.31,7.5951249999999995,7.526,5.804775,5.7946,2096080.0,1168803.0,927277.0
2013,20,2013-05-13,2013U20,14132,43.51,7.53775,7.536,5.831575,5.8464,2096080.0,1168803.0,927277.0
2013,21,2013-05-20,2013U21,14456,43.81,7.5085,7.5285,5.8187750000000005,5.8185,2096080.0,1168803.0,927277.0
2013,22,2013-05-27,2013U22,15171,40.77,7.586799999999999,7.614,5.85588,5.8542,2096080.0,1168803.0,927277.0
2013,23,2013-06-03,2013U23,14847,40.22,7.602200000000001,7.6305,5.79942,5.7545,2096080.0,1168803.0,927277.0
2013,24,2013-06-10,2013U24,14940,39.22,7.6561,7.6405,5.76712,5.7434,2096080.0,1168803.0,927277.0
2013,25,2013-06-17,2013U25,13330,41.19,7.7527,7.909,5.83018,6.0008,2096080.0,1168803.0,927277.0
2013,26,2013-06-24,2013U26,13309,43.4,7.9465,7.8845,6.07938,6.0279,2096080.0,1168803.0,927277.0
2013,27,2013-07-01,2013U27,14217,45.15,7.9283,7.9525,6.1101399999999995,6.1729,2096080.0,1168803.0,927277.0
2013,28,2013-07-08,2013U28,14102,44.26,7.9124,7.913,6.12462,6.071,2096080.0,1168803.0,927277.0
2013,29,2013-07-15,2013U29,14098,45.12,7.882300000000001,7.856,6.01878,5.9864,2096080.0,1168803.0,927277.0
2013,30,2013-07-22,2013U30,13509,43.01,7.8225999999999996,7.864,5.9214,5.9306,2096080.0,1168803.0,927277.0
2013,31,2013-07-29,2013U31,12572,40.14,7.8596,7.8655,5.93018,5.9574,2096080.0,1168803.0,927277.0
2013,32,2013-08-05,2013U32,13734,39.92,7.8633,7.817,5.90568,5.8454,2096080.0,1168803.0,927277.0
2013,33,2013-08-12,2013U33,13675,43.43,7.8325000000000005,7.9015,5.8935200000000005,5.9232,2096080.0,1168803.0,927277.0
2013,34,2013-08-19,2013U34,15530,42.03,8.032,8.094,6.01224,6.0607,2096080.0,1168803.0,927277.0
2013,35,2013-08-26,2013U35,16403,38.16,8.0621,8.0905,6.0575600000000005,6.113,2096080.0,1168803.0,927277.0
2013,36,2013-09-02,2013U36,16791,37.31,8.0128,8.002,6.082380000000001,6.1005,2096080.0,1168803.0,927277.0
2013,37,2013-09-09,2013U37,18020,33.73,7.8915999999999995,7.8695,5.95274,5.9191,2096080.0,1168803.0,927277.0
2013,38,2013-09-16,2013U38,18859,30.04,7.899500000000001,8.0065,5.88444,5.9246,2096080.0,1168803.0,927277.0
2013,39,2013-09-23,2013U39,18487,32.82,8.0579,8.103,5.96694,5.9858,2096080.0,1168803.0,927277.0
2013,40,2013-09-30,2013U40,18727,35.87,8.120099999999999,8.1145,5.99176,5.9696,2096080.0,1168803.0,927277.0
2013,41,2013-10-07,2013U41,18442,35.68,8.127500000000001,8.1285,5.99722,5.9918,2096080.0,1168803.0,927277.0
2013,42,2013-10-14,2013U42,18051,38.32,8.120099999999999,8.0985,5.97402,5.9182,2096080.0,1168803.0,927277.0
2013,43,2013-10-21,2013U43,18068,38.74,8.1239,8.137,5.9148,5.9062,2096080.0,1168803.0,927277.0
2013,44,2013-10-28,2013U44,18734,39.7,8.0959,8.046,5.91368,5.9578,2096080.0,1168803.0,927277.0
2013,45,2013-11-04,2013U45,17751,38.5,8.0621,8.1755,5.98864,6.087,2096080.0,1168803.0,927277.0
2013,46,2013-11-11,2013U46,18020,36.98,8.2857,8.2535,6.17074,6.1319,2096080.0,1168803.0,927277.0
2013,47,2013-11-18,2013U47,17907,39.94,8.227599999999999,8.2065,6.09126,6.0708,2096080.0,1168803.0,927277.0
2013,48,2013-11-25,2013U48,18384,40.17,8.2786,8.32,6.0998,6.1127,2096080.0,1168803.0,927277.0
2013,49,2013-12-02,2013U49,21121,45.65,8.349499999999999,8.434,6.14284,6.1738,2096080.0,1168803.0,927277.0
2013,50,2013-12-09,2013U50,23617,48.61,8.4436,8.49,6.1416200000000005,6.1849,2096080.0,1168803.0,927277.0
2013,51,2013-12-16,2013U51,22644,48.52,8.4146,8.416,6.1335,6.1633,2096080.0,1168803.0,927277.0
2013,52,2013-12-23,2013U52,7100,50.58,8.4225,8.4475,6.12195,6.1152,2096080.0,1168803.0,927277.0
2014,1,2013-12-30,2014U01,9341,50.34,8.39225,8.3585,6.1198500000000005,6.1306,2349860.0,1258849.0,1091011.0
2014,2,2014-01-06,2014U02,15118,48.75,8.3992,8.4025,6.17262,6.1842,2349860.0,1258849.0,1091011.0
2014,3,2014-01-13,2014U03,14505,49.27,8.3566,8.3795,6.134860000000001,6.1687,2349860.0,1258849.0,1091011.0
2014,4,2014-01-20,2014U04,13699,49.72,8.367799999999999,8.3915,6.15436,6.131,2349860.0,1258849.0,1091011.0
2014,5,2014-01-27,2014U05,13784,46.8,8.452,8.511,6.21446,6.297,2349860.0,1258849.0,1091011.0
2014,6,2014-02-03,2014U06,13053,45.62,8.4485,8.412,6.246219999999999,6.1971,2349860.0,1258849.0,1091011.0
2014,7,2014-02-10,2014U07,13190,49.41,8.3499,8.355,6.1155,6.0954,2349860.0,1258849.0,1091011.0
2014,8,2014-02-17,2014U08,14324,48.76,8.3422,8.367,6.08138,6.1042,2349860.0,1258849.0,1091011.0
2014,9,2014-02-24,2014U09,15963,46.68,8.2843,8.275,6.0308,5.9907,2349860.0,1258849.0,1091011.0
2014,10,2014-03-03,2014U10,15949,44.13,8.260200000000001,8.278,5.99382,5.958,2349860.0,1258849.0,1091011.0
2014,11,2014-03-10,2014U11,15975,44.07,8.2745,8.3075,5.95772,5.9835,2349860.0,1258849.0,1091011.0
2014,12,2014-03-17,2014U12,16449,43.63,8.3285,8.3695,6.0125,6.0737,2349860.0,1258849.0,1091011.0
2014,13,2014-03-24,2014U13,16159,43.83,8.3065,8.2455,6.03046,5.9928,2349860.0,1258849.0,1091011.0
2014,14,2014-03-31,2014U14,17313,44.01,8.2279,8.2125,5.97578,5.9945,2349860.0,1258849.0,1091011.0
2014,15,2014-04-07,2014U15,19722,44.35,8.2345,8.2605,5.9645600000000005,5.9548,2349860.0,1258849.0,1091011.0
2014,16,2014-04-14,2014U16,12057,47.4,8.233166666666667,8.23,5.957666666666667,5.9515,2349860.0,1258849.0,1091011.0
2014,17,2014-04-21,2014U17,14614,46.29,8.274,8.2845,5.9845749999999995,5.9898,2349860.0,1258849.0,1091011.0
2014,18,2014-04-28,2014U18,14590,44.62,8.27575,8.2355,5.9754,5.9411,2349860.0,1258849.0,1091011.0
2014,19,2014-05-05,2014U19,15636,42.03,8.208200000000001,8.137,5.90692,5.9045,2349860.0,1258849.0,1091011.0
2014,20,2014-05-12,2014U20,15695,40.28,8.1283,8.1505,5.92944,5.951,2349860.0,1258849.0,1091011.0
2014,21,2014-05-19,2014U21,16593,39.37,8.132200000000001,8.1305,5.9454,5.9652,2349860.0,1258849.0,1091011.0
2014,22,2014-05-26,2014U22,14444,38.83,8.121875,8.1425,5.962375,5.9841,2349860.0,1258849.0,1091011.0
2014,23,2014-06-02,2014U23,16919,37.65,8.1586,8.1495,5.99086,5.9738,2349860.0,1258849.0,1091011.0
2014,24,2014-06-09,2014U24,15355,37.51,8.107875,8.1255,5.988575,6.0038,2349860.0,1258849.0,1091011.0
2014,25,2014-06-16,2014U25,17308,36.47,8.2149,8.342,6.05176,6.1392,2349860.0,1258849.0,1091011.0
2014,26,2014-06-23,2014U26,17145,33.6,8.342099999999999,8.368,6.12894,6.1439,2349860.0,1258849.0,1091011.0
2014,27,2014-06-30,2014U27,15108,37.6,8.431799999999999,8.4115,6.17842,6.1904,2349860.0,1258849.0,1091011.0
2014,28,2014-07-07,2014U28,15256,41.66,8.391200000000001,8.377,6.17154,6.1618,2349860.0,1258849.0,1091011.0
2014,29,2014-07-14,2014U29,14452,42.26,8.3931,8.3575,6.18762,6.1793,2349860.0,1258849.0,1091011.0
2014,30,2014-07-21,2014U30,14297,42.23,8.353100000000001,8.3395,6.19888,6.205,2349860.0,1258849.0,1091011.0
2014,31,2014-07-28,2014U31,15439,37.7,8.3839,8.439,6.253220000000001,6.3001,2349860.0,1258849.0,1091011.0
2014,32,2014-08-04,2014U32,15634,37.48,8.3911,8.36,6.270919999999999,6.2444,2349860.0,1258849.0,1091011.0
2014,33,2014-08-11,2014U33,15710,35.82,8.2411,8.2205,6.163600000000001,6.1402,2349860.0,1258849.0,1091011.0
2014,34,2014-08-18,2014U34,16726,34.95,8.189,8.1495,6.15254,6.1427,2349860.0,1258849.0,1091011.0
2014,35,2014-08-25,2014U35,16287,34.87,8.150400000000001,8.1465,6.1806399999999995,6.1772,2349860.0,1258849.0,1091011.0
2014,36,2014-09-01,2014U36,17045,35.71,8.134,8.137,6.22246,6.2844,2349860.0,1258849.0,1091011.0
2014,37,2014-09-08,2014U37,17009,34.43,8.193999999999999,8.2405,6.33848,6.3727,2349860.0,1258849.0,1091011.0
2014,38,2014-09-15,2014U38,17405,34.05,8.240300000000001,8.154,6.3838,6.3445,2349860.0,1258849.0,1091011.0
2014,39,2014-09-22,2014U39,17142,35.43,8.1597,8.1675,6.37422,6.4149,2349860.0,1258849.0,1091011.0
2014,40,2014-09-29,2014U40,17134,35.59,8.156600000000001,8.1785,6.45976,6.4826,2349860.0,1258849.0,1091011.0
2014,41,2014-10-06,2014U41,17554,34.4,8.193200000000001,8.258,6.4802599999999995,6.5343,2349860.0,1258849.0,1091011.0
2014,42,2014-10-13,2014U42,17925,34.44,8.3475,8.3815,6.56632,6.5363,2349860.0,1258849.0,1091011.0
2014,43,2014-10-20,2014U43,17091,36.51,8.3575,8.34,6.5749200000000005,6.5882,2349860.0,1258849.0,1091011.0
2014,44,2014-10-27,2014U44,17873,37.06,8.4509,8.49,6.67714,6.779,2349860.0,1258849.0,1091011.0
2014,45,2014-11-03,2014U45,16848,37.61,8.5257,8.4965,6.831860000000001,6.8559,2349860.0,1258849.0,1091011.0
2014,46,2014-11-10,2014U46,17877,39.95,8.4522,8.453,6.7869,6.7972,2349860.0,1258849.0,1091011.0
2014,47,2014-11-17,2014U47,17687,41.76,8.452000000000002,8.402,6.76096,6.7638,2349860.0,1258849.0,1091011.0
2014,48,2014-11-24,2014U48,18451,43.38,8.534899999999999,8.6975,6.85278,6.9675,2349860.0,1258849.0,1091011.0
2014,49,2014-12-01,2014U49,20184,45.29,8.7118,8.8105,7.037560000000001,7.1271,2349860.0,1258849.0,1091011.0
2014,50,2014-12-08,2014U50,21210,46.84,8.921899999999999,9.119,7.206799999999999,7.3245,2349860.0,1258849.0,1091011.0
2014,51,2014-12-15,2014U51,18822,42.36,9.2096,9.0145,7.42944,7.3414,2349860.0,1258849.0,1091011.0
2014,52,2014-12-22,2014U52,8305,47.2,9.04275,9.029,7.39025,7.3929,2349860.0,1258849.0,1091011.0
2015,1,2014-12-29,2015U01,9466,45.57,9.042,9.042,7.44875,7.5081,2383225.0,1303702.0,1079523.0
2015,2,2015-01-05,2015U02,15622,45.77,9.1051,9.0605,7.6848,7.6699,2383225.0,1303702.0,1079523.0
2015,3,2015-01-12,2015U03,15946,46.28,9.002199999999998,8.7985,7.67324,7.5928,2383225.0,1303702.0,1079523.0
2015,4,2015-01-19,2015U04,16444,44.31,8.7991,8.7055,7.6399799999999995,7.7742,2383225.0,1303702.0,1079523.0
2015,5,2015-01-26,2015U05,14810,39.78,8.799800000000001,8.8335,7.785500000000001,7.8138,2383225.0,1303702.0,1079523.0
2015,6,2015-02-02,2015U06,14693,43.43,8.639700000000001,8.5715,7.58048,7.488,2383225.0,1303702.0,1079523.0
2015,7,2015-02-09,2015U07,14634,44.78,8.6358,8.6535,7.6295,7.6035,2383225.0,1303702.0,1079523.0
2015,8,2015-02-16,2015U08,15864,41.76,8.592400000000001,8.593,7.5531999999999995,7.6058,2383225.0,1303702.0,1079523.0
2015,9,2015-02-23,2015U09,16173,39.1,8.6072,8.574,7.61312,7.6281,2383225.0,1303702.0,1079523.0
2015,10,2015-03-02,2015U10,15920,41.14,8.5841,8.542,7.72666,7.7917,2383225.0,1303702.0,1079523.0
2015,11,2015-03-09,2015U11,17767,42.47,8.6183,8.6255,8.0765,8.1588,2383225.0,1303702.0,1079523.0
2015,12,2015-03-16,2015U12,19019,41.79,8.745099999999999,8.7125,8.213980000000001,8.0851,2383225.0,1303702.0,1079523.0
2015,13,2015-03-23,2015U13,20283,40.32,8.6119,8.645,7.8756,7.9633,2383225.0,1303702.0,1079523.0
2015,14,2015-03-30,2015U14,12240,42.3,8.680833333333334,8.6845,8.049933333333334,8.0801,2383225.0,1303702.0,1079523.0
2015,15,2015-04-06,2015U15,15764,42.24,8.6704,8.613,8.056125,8.1485,2383225.0,1303702.0,1079523.0
2015,16,2015-04-13,2015U16,17988,39.35,8.4429,8.397,7.933199999999999,7.7649,2383225.0,1303702.0,1079523.0
2015,17,2015-04-20,2015U17,16066,37.62,8.4602,8.475,7.86824,7.8298,2383225.0,1303702.0,1079523.0
2015,18,2015-04-27,2015U18,16206,39.25,8.399,8.3845,7.642825,7.4761,2383225.0,1303702.0,1079523.0
2015,19,2015-05-04,2015U19,17602,36.99,8.4065,8.3815,7.50294,7.4695,2383225.0,1303702.0,1079523.0
2015,20,2015-05-11,2015U20,15948,39.96,8.387625,8.3745,7.4676,7.3927,2383225.0,1303702.0,1079523.0
2015,21,2015-05-18,2015U21,18209,38.65,8.396,8.4135,7.49924,7.5363,2383225.0,1303702.0,1079523.0
2015,22,2015-05-25,2015U22,16364,37.92,8.45525,8.536,7.74735,7.7812,2383225.0,1303702.0,1079523.0
2015,23,2015-06-01,2015U23,16613,38.77,8.728399999999999,8.8085,7.84416,7.8521,2383225.0,1303702.0,1079523.0
2015,24,2015-06-08,2015U24,17313,41.51,8.757,8.695,7.799200000000001,7.7496,2383225.0,1303702.0,1079523.0
2015,25,2015-06-15,2015U25,16036,42.69,8.763200000000001,8.8255,7.766800000000001,7.8109,2383225.0,1303702.0,1079523.0
2015,26,2015-06-22,2015U26,16383,40.94,8.7538,8.773,7.792439999999999,7.8316,2383225.0,1303702.0,1079523.0
2015,27,2015-06-29,2015U27,15214,39.76,8.7972,8.85,7.91354,7.9758,2383225.0,1303702.0,1079523.0
2015,28,2015-07-06,2015U28,15205,42.26,8.9763,8.9005,8.13104,7.9575,2383225.0,1303702.0,1079523.0
2015,29,2015-07-13,2015U29,14930,44.81,8.915000000000001,8.8805,8.12762,8.1555,2383225.0,1303702.0,1079523.0
2015,30,2015-07-20,2015U30,15267,46.23,8.9339,8.9955,8.18742,8.2233,2383225.0,1303702.0,1079523.0
2015,31,2015-07-27,2015U31,13878,45.63,9.0011,9.0015,8.17764,8.2078,2383225.0,1303702.0,1079523.0
2015,32,2015-08-03,2015U32,14226,46.68,9.0129,9.041,8.24866,8.2634,2383225.0,1303702.0,1079523.0
2015,33,2015-08-10,2015U33,15798,46.63,9.0795,9.1375,8.18732,8.1797,2383225.0,1303702.0,1079523.0
2015,34,2015-08-17,2015U34,16971,41.74,9.197799999999999,9.2745,8.26192,8.2213,2383225.0,1303702.0,1079523.0
2015,35,2015-08-24,2015U35,17353,39.06,9.400400000000001,9.34,8.2528,8.289,2383225.0,1303702.0,1079523.0
2015,36,2015-08-31,2015U36,17227,43.03,9.3011,9.2165,8.29372,8.2748,2383225.0,1303702.0,1079523.0
2015,37,2015-09-07,2015U37,17706,43.18,9.2272,9.271,8.2534,8.2277,2383225.0,1303702.0,1079523.0
2015,38,2015-09-14,2015U38,19057,41.54,9.2411,9.237,8.166039999999999,8.0891,2383225.0,1303702.0,1079523.0
2015,39,2015-09-21,2015U39,18914,40.39,9.3296,9.513,8.33802,8.5311,2383225.0,1303702.0,1079523.0
2015,40,2015-09-28,2015U40,18598,40.07,9.499500000000001,9.4125,8.49836,8.4341,2383225.0,1303702.0,1079523.0
2015,41,2015-10-05,2015U41,18604,43.09,9.285900000000002,9.1895,8.24104,8.0879,2383225.0,1303702.0,1079523.0
2015,42,2015-10-12,2015U42,18992,42.43,9.216899999999999,9.2005,8.091280000000001,8.099,2383225.0,1303702.0,1079523.0
2015,43,2015-10-19,2015U43,20108,41.06,9.2419,9.2525,8.18566,8.3476,2383225.0,1303702.0,1079523.0
2015,44,2015-10-26,2015U44,19201,41.86,9.353800000000001,9.393,8.48754,8.5259,2383225.0,1303702.0,1079523.0
2015,45,2015-11-02,2015U45,18118,42.98,9.3167,9.2715,8.51788,8.5341,2383225.0,1303702.0,1079523.0
2015,46,2015-11-09,2015U46,18705,42.52,9.288599999999999,9.332,8.64974,8.6696,2383225.0,1303702.0,1079523.0
2015,47,2015-11-16,2015U47,18125,44.51,9.24692,9.2035,8.65264,8.6111,2383225.0,1303702.0,1079523.0
2015,48,2015-11-23,2015U48,18889,48.79,9.1894,9.1885,8.65948,8.6848,2383225.0,1303702.0,1079523.0
2015,49,2015-11-30,2015U49,19802,50.06,9.191799999999999,9.2495,8.61314,8.4842,2383225.0,1303702.0,1079523.0
2015,50,2015-12-07,2015U50,20949,49.05,9.481300000000001,9.5385,8.69556,8.711,2383225.0,1303702.0,1079523.0
2015,51,2015-12-14,2015U51,20207,51.3,9.5261,9.5,8.726519999999999,8.7671,2383225.0,1303702.0,1079523.0
2015,52,2015-12-21,2015U52,10494,53.26,9.542833333333332,9.527,8.744866666666667,8.7276,2383225.0,1303702.0,1079523.0
2015,53,2015-12-28,2015U53,9593,55.06,9.571125,9.619,8.748925,8.809,2383225.0,1303702.0,1079523.0
2016,1,2016-01-04,2016U01,14173,57.27,9.6473,9.681,8.91384,8.9135,2248675.0,1233968.0,1014707.0
2016,2,2016-01-11,2016U02,14655,61.64,9.618039999999999,9.6085,8.848780000000001,8.8038,2248675.0,1233968.0,1014707.0
2016,3,2016-01-18,2016U03,16115,54.56,9.6291,9.4685,8.85532,8.7606,2248675.0,1233968.0,1014707.0
2016,4,2016-01-25,2016U04,15700,49.24,9.465219999999999,9.4845,8.70568,8.6854,2248675.0,1233968.0,1014707.0
2016,5,2016-02-01,2016U05,14839,51.27,9.51122,9.5665,8.625020000000001,8.54,2248675.0,1233968.0,1014707.0
2016,6,2016-02-08,2016U06,14323,53.21,9.65286,9.6773,8.5857,8.583,2248675.0,1233968.0,1014707.0
2016,7,2016-02-15,2016U07,14682,56.95,9.578199999999999,9.5358,8.603860000000001,8.5939,2248675.0,1233968.0,1014707.0
2016,8,2016-02-22,2016U08,14627,58.54,9.52072,9.5245,8.64862,8.6539,2248675.0,1233968.0,1014707.0
2016,9,2016-02-29,2016U09,16087,58.48,9.42816,9.383,8.65192,8.5533,2248675.0,1233968.0,1014707.0
2016,10,2016-03-07,2016U10,16059,56.07,9.38236,9.436,8.544920000000001,8.5086,2248675.0,1233968.0,1014707.0
2016,11,2016-03-14,2016U11,17936,57.88,9.45678,9.4111,8.46214,8.3439,2248675.0,1233968.0,1014707.0
2016,12,2016-03-21,2016U12,10405,62.51,9.443933333333334,9.442,8.413400000000001,8.4364,2248675.0,1233968.0,1014707.0
2016,13,2016-03-28,2016U13,13750,61.98,9.442125,9.4401,8.331625,8.2576,2248675.0,1233968.0,1014707.0
2016,14,2016-04-04,2016U14,15627,59.03,9.45686,9.4183,8.32328,8.2886,2248675.0,1233968.0,1014707.0
2016,15,2016-04-11,2016U15,16367,55.56,9.32242,9.3044,8.232479999999999,8.2457,2248675.0,1233968.0,1014707.0
2016,16,2016-04-18,2016U16,15169,56.47,9.25394,9.2443,8.1684,8.2077,2248675.0,1233968.0,1014707.0
2016,17,2016-04-25,2016U17,15425,55.65,9.23272,9.215,8.154160000000001,8.0812,2248675.0,1233968.0,1014707.0
2016,18,2016-05-02,2016U18,14032,56.88,9.308575,9.3513,8.095675,8.1835,2248675.0,1233968.0,1014707.0
2016,19,2016-05-09,2016U19,17283,62.19,9.30646,9.2678,8.1756,8.1669,2248675.0,1233968.0,1014707.0
2016,20,2016-05-16,2016U20,12320,65.71,9.324433333333333,9.3355,8.302100000000001,8.3212,2248675.0,1233968.0,1014707.0
2016,21,2016-05-23,2016U21,16324,57.41,9.30496,9.282,8.328059999999999,8.3112,2248675.0,1233968.0,1014707.0
2016,22,2016-05-30,2016U22,15456,57.91,9.310419999999999,9.2853,8.34132,8.3246,2248675.0,1233968.0,1014707.0
2016,23,2016-06-06,2016U23,12500,64.7,9.24858,9.2725,8.152600000000001,8.2028,2248675.0,1233968.0,1014707.0
2016,24,2016-06-13,2016U24,14209,69.44,9.36886,9.431,8.34262,8.3801,2248675.0,1233968.0,1014707.0
2016,25,2016-06-20,2016U25,13845,67.4,9.36082,9.42,8.3021,8.5126,2248675.0,1233968.0,1014707.0
2016,26,2016-06-27,2016U26,12619,65.02,9.33756,9.2975,8.428,8.3498,2248675.0,1233968.0,1014707.0
2016,27,2016-07-04,2016U27,11925,70.96,9.339279999999999,9.393,8.41352,8.4851,2248675.0,1233968.0,1014707.0
2016,28,2016-07-11,2016U28,13694,70.38,9.3427,9.3183,8.41732,8.3737,2248675.0,1233968.0,1014707.0
2016,29,2016-07-18,2016U29,13629,65.12,9.36112,9.3847,8.49004,8.5207,2248675.0,1233968.0,1014707.0
2016,30,2016-07-25,2016U30,14947,59.41,9.44712,9.5092,8.561440000000001,8.5568,2248675.0,1233968.0,1014707.0
2016,31,2016-08-01,2016U31,15413,57.52,9.42388,9.4022,8.43694,8.4279,2248675.0,1233968.0,1014707.0
2016,32,2016-08-08,2016U32,16386,59.61,9.28268,9.1635,8.33912,8.2125,2248675.0,1233968.0,1014707.0
2016,33,2016-08-15,2016U33,16680,59.23,9.24204,9.3048,8.19362,8.2154,2248675.0,1233968.0,1014707.0
2016,34,2016-08-22,2016U34,16188,56.36,9.27776,9.2501,8.21144,8.1932,2248675.0,1233968.0,1014707.0
2016,35,2016-08-29,2016U35,16810,56.47,9.29178,9.317,8.32466,8.324,2248675.0,1233968.0,1014707.0
2016,36,2016-09-05,2016U36,18063,55.28,9.21868,9.247,8.21418,8.2064,2248675.0,1233968.0,1014707.0
2016,37,2016-09-12,2016U37,18559,52.78,9.26098,9.2625,8.2436,8.2509,2248675.0,1233968.0,1014707.0
2016,38,2016-09-19,2016U38,19576,53.36,9.19144,9.1028,8.21406,8.1174,2248675.0,1233968.0,1014707.0
2016,39,2016-09-26,2016U39,19426,55.39,9.071639999999999,8.9865,8.08676,8.0517,2248675.0,1233968.0,1014707.0
2016,40,2016-10-03,2016U40,18261,58.64,8.9724,9.001,8.02074,8.0799,2248675.0,1233968.0,1014707.0
2016,41,2016-10-10,2016U41,16770,59.67,9.04298,9.0248,8.17664,8.2029,2248675.0,1233968.0,1014707.0
2016,42,2016-10-17,2016U42,17137,61.36,8.97256,8.9538,8.18196,8.2251,2248675.0,1233968.0,1014707.0
2016,43,2016-10-24,2016U43,16888,61.5,9.00902,9.0445,8.25956,8.281,2248675.0,1233968.0,1014707.0
2016,44,2016-10-31,2016U44,18472,60.65,9.05932,9.1098,8.2026,8.2122,2248675.0,1233968.0,1014707.0
2016,45,2016-11-07,2016U45,17125,59.63,9.097240000000001,9.1148,8.282419999999998,8.3591,2248675.0,1233968.0,1014707.0
2016,46,2016-11-14,2016U46,18009,63.57,9.09668,9.1038,8.48748,8.5651,2248675.0,1233968.0,1014707.0
2016,47,2016-11-21,2016U47,18734,62.46,9.07268,9.069,8.56082,8.5621,2248675.0,1233968.0,1014707.0
2016,48,2016-11-28,2016U48,19131,62.94,9.02582,8.986,8.50418,8.4439,2248675.0,1233968.0,1014707.0
2016,49,2016-12-05,2016U49,18476,66.44,8.99002,8.9805,8.404259999999999,8.5051,2248675.0,1233968.0,1014707.0
2016,50,2016-12-12,2016U50,19450,69.28,8.99664,9.0623,8.53528,8.6812,2248675.0,1233968.0,1014707.0
2016,51,2016-12-19,2016U51,15026,73.09,9.05982,9.0928,8.69516,8.7046,2248675.0,1233968.0,1014707.0
2016,52,2016-12-26,2016U52,10408,73.53,9.0869,9.0863,8.6875,8.62,2248675.0,1233968.0,1014707.0
2017,1,2017-01-02,2017U01,11950,75.25,9.01088,8.9868,8.602340000000002,8.4869,2360475.0,1236739.0,1123736.0
2017,2,2017-01-09,2017U02,13217,72.42,9.05562,9.058,8.555340000000001,8.4964,2360475.0,1236739.0,1123736.0
2017,3,2017-01-16,2017U03,14219,72.5,9.02862,8.999,8.47894,8.4641,2360475.0,1236739.0,1123736.0
2017,4,2017-01-23,2017U04,14137,70.35,8.94752,8.919,8.348600000000001,8.3503,2360475.0,1236739.0,1123736.0
2017,5,2017-01-30,2017U05,14426,66.01,8.87222,8.8568,8.25752,8.2458,2360475.0,1236739.0,1123736.0
2017,6,2017-02-06,2017U06,14901,64.96,8.88116,8.9065,8.32,8.3794,2360475.0,1236739.0,1123736.0
2017,7,2017-02-13,2017U07,14775,64.08,8.87332,8.8645,8.35394,8.3235,2360475.0,1236739.0,1123736.0
2017,8,2017-02-20,2017U08,15311,63.2,8.825880000000002,8.8365,8.3503,8.3292,2360475.0,1236739.0,1123736.0
2017,9,2017-02-27,2017U09,15774,59.55,8.87654,8.9303,8.40654,8.4527,2360475.0,1236739.0,1123736.0
2017,10,2017-03-06,2017U10,15606,58.36,9.00984,9.1405,8.51894,8.6182,2360475.0,1236739.0,1123736.0
2017,11,2017-03-13,2017U11,15294,61.98,9.13544,9.1023,8.55734,8.4775,2360475.0,1236739.0,1123736.0
2017,12,2017-03-20,2017U12,16351,63.76,9.1453,9.1793,8.47542,8.4954,2360475.0,1236739.0,1123736.0
2017,13,2017-03-27,2017U13,17821,62.7,9.19708,9.1683,8.52808,8.5757,2360475.0,1236739.0,1123736.0
2017,14,2017-04-03,2017U14,18658,62.82,9.16388,9.1583,8.5988,8.6155,2360475.0,1236739.0,1123736.0
2017,15,2017-04-10,2017U15,11516,65.13,9.1241,9.1035,8.607933333333333,8.5842,2360475.0,1236739.0,1123736.0
2017,16,2017-04-17,2017U16,14381,64.85,9.180475,9.2478,8.569875,8.6444,2360475.0,1236739.0,1123736.0
2017,17,2017-04-24,2017U17,13791,62.17,9.31406,9.3243,8.55394,8.5309,2360475.0,1236739.0,1123736.0
2017,18,2017-05-01,2017U18,12105,65.79,9.437100000000001,9.5023,8.633675,8.6692,2360475.0,1236739.0,1123736.0
2017,19,2017-05-08,2017U19,14305,70.18,9.40066,9.3665,8.6333,8.6121,2360475.0,1236739.0,1123736.0
2017,20,2017-05-15,2017U20,13034,72.47,9.381975,9.3923,8.4641,8.4017,2360475.0,1236739.0,1123736.0
2017,21,2017-05-22,2017U21,13773,72.17,9.3836,9.4018,8.369475000000001,8.3975,2360475.0,1236739.0,1123736.0
2017,22,2017-05-29,2017U22,14551,66.02,9.45328,9.4918,8.43772,8.462,2360475.0,1236739.0,1123736.0
2017,23,2017-06-05,2017U23,12787,69.91,9.5158,9.5218,8.481175,8.5199,2360475.0,1236739.0,1123736.0
2017,24,2017-06-12,2017U24,13680,67.87,9.459959999999999,9.4615,8.45034,8.4727,2360475.0,1236739.0,1123736.0
2017,25,2017-06-19,2017U25,13724,68.96,9.481480000000001,9.4613,8.4893,8.468,2360475.0,1236739.0,1123736.0
2017,26,2017-06-26,2017U26,14485,69.36,9.54842,9.5713,8.425540000000002,8.387,2360475.0,1236739.0,1123736.0
2017,27,2017-07-03,2017U27,15795,65.71,9.51582,9.5613,8.36954,8.3783,2360475.0,1236739.0,1123736.0
2017,28,2017-07-10,2017U28,14234,63.22,9.46668,9.3843,8.293520000000001,8.221,2360475.0,1236739.0,1123736.0
2017,29,2017-07-17,2017U29,14428,65.12,9.319120000000002,9.3315,8.07896,8.0154,2360475.0,1236739.0,1123736.0
2017,30,2017-07-24,2017U30,15251,62.11,9.312520000000001,9.3195,7.9719,7.9457,2360475.0,1236739.0,1123736.0
2017,31,2017-07-31,2017U31,16311,60.55,9.34568,9.3618,7.907259999999999,7.8883,2360475.0,1236739.0,1123736.0
2017,32,2017-08-07,2017U32,17373,59.53,9.35506,9.3975,7.94978,7.9877,2360475.0,1236739.0,1123736.0
2017,33,2017-08-14,2017U33,17023,55.63,9.33114,9.3183,7.94982,7.9372,2360475.0,1236739.0,1123736.0
2017,34,2017-08-21,2017U34,16988,56.8,9.27838,9.2278,7.870400000000001,7.8149,2360475.0,1236739.0,1123736.0
2017,35,2017-08-28,2017U35,18043,54.89,9.2745,9.2555,7.776439999999999,7.7647,2360475.0,1236739.0,1123736.0
2017,36,2017-09-04,2017U36,18273,55.56,9.29034,9.3093,7.7736,7.7192,2360475.0,1236739.0,1123736.0
2017,37,2017-09-11,2017U37,19307,53.85,9.371680000000001,9.3348,7.84158,7.8031,2360475.0,1236739.0,1123736.0
2017,38,2017-09-18,2017U38,18876,55.3,9.32976,9.3193,7.80172,7.7914,2360475.0,1236739.0,1123736.0
2017,39,2017-09-25,2017U39,19317,57.21,9.332460000000001,9.4125,7.9118200000000005,7.9726,2360475.0,1236739.0,1123736.0
2017,40,2017-10-02,2017U40,18964,56.61,9.36816,9.372,7.975280000000001,8.0055,2360475.0,1236739.0,1123736.0
2017,41,2017-10-09,2017U41,18213,54.52,9.36628,9.339,7.93236,7.9077,2360475.0,1236739.0,1123736.0
2017,42,2017-10-16,2017U42,18824,55.32,9.366060000000001,9.4145,7.9423,7.9662,2360475.0,1236739.0,1123736.0
2017,43,2017-10-23,2017U43,20343,53.17,9.447239999999999,9.5348,8.05516,8.2161,2360475.0,1236739.0,1123736.0
2017,44,2017-10-30,2017U44,19574,49.05,9.48738,9.4843,8.15572,8.1361,2360475.0,1236739.0,1123736.0
2017,45,2017-11-06,2017U45,19123,51.25,9.45496,9.456,8.14722,8.114,2360475.0,1236739.0,1123736.0
2017,46,2017-11-13,2017U46,19542,53.89,9.64124,9.7163,8.197140000000001,8.2376,2360475.0,1236739.0,1123736.0
2017,47,2017-11-20,2017U47,19795,49.02,9.678239999999999,9.6608,8.20592,8.134,2360475.0,1236739.0,1123736.0
2017,48,2017-11-27,2017U48,20927,48.65,9.79088,9.8753,8.24144,8.309,2360475.0,1236739.0,1123736.0
2017,49,2017-12-04,2017U49,21601,53.36,9.79278,9.7665,8.29098,8.3176,2360475.0,1236739.0,1123736.0
2017,50,2017-12-11,2017U50,24582,53.76,9.81868,9.7828,8.32822,8.2863,2360475.0,1236739.0,1123736.0
2017,51,2017-12-18,2017U51,19386,54.73,9.89664,9.8963,8.36216,8.3492,2360475.0,1236739.0,1123736.0
2017,52,2017-12-25,2017U52,9901,56.23,9.855933333333333,9.8403,8.254199999999999,8.205,2360475.0,1236739.0,1123736.0
2018,1,2018-01-01,2018U01,14259,58.52,9.756525,9.7418,8.09705,8.0878,2428277.0,1282294.0,1145983.0
2018,2,2018-01-08,2018U02,17007,57.28,9.665420000000001,9.659,8.04794,7.9583,2428277.0,1282294.0,1145983.0
2018,3,2018-01-15,2018U03,16479,55.46,9.62984,9.6243,7.867520000000001,7.8534,2428277.0,1282294.0,1145983.0
2018,4,2018-01-22,2018U04,17441,56.96,9.60782,9.5655,7.78852,7.6918,2428277.0,1282294.0,1145983.0
2018,5,2018-01-29,2018U05,17266,56.86,9.56328,9.5663,7.6866,7.6579,2428277.0,1282294.0,1145983.0
2018,6,2018-02-05,2018U06,16515,54.69,9.69148,9.7983,7.86276,7.9836,2428277.0,1282294.0,1145983.0
2018,7,2018-02-12,2018U07,15052,56.52,9.72402,9.681,7.85496,7.7672,2428277.0,1282294.0,1145983.0
2018,8,2018-02-19,2018U08,15688,62.2,9.66682,9.677,7.84186,7.8681,2428277.0,1282294.0,1145983.0
2018,9,2018-02-26,2018U09,15230,65.16,9.63048,9.6178,7.85312,7.8117,2428277.0,1282294.0,1145983.0
2018,10,2018-03-05,2018U10,15825,67.57,9.64646,9.5948,7.79872,7.8064,2428277.0,1282294.0,1145983.0
2018,11,2018-03-12,2018U11,17862,67.94,9.54338,9.491,7.734820000000001,7.7156,2428277.0,1282294.0,1145983.0
2018,12,2018-03-19,2018U12,19138,65.12,9.52238,9.5715,7.73762,7.7527,2428277.0,1282294.0,1145983.0
2018,13,2018-03-26,2018U13,11423,71.75,9.587966666666667,9.6423,7.735366666666667,7.7773,2428277.0,1282294.0,1145983.0
2018,14,2018-04-02,2018U14,13953,71.5,9.61045,9.586,7.832775,7.8355,2428277.0,1282294.0,1145983.0
2018,15,2018-04-09,2018U15,15751,68.21,9.60364,9.5643,7.7839,7.7651,2428277.0,1282294.0,1145983.0
2018,16,2018-04-16,2018U16,15094,67.32,9.598,9.605,7.76468,7.8032,2428277.0,1282294.0,1145983.0
2018,17,2018-04-23,2018U17,14510,66.79,9.65846,9.659,7.93338,8.0025,2428277.0,1282294.0,1145983.0
2018,18,2018-04-30,2018U18,13735,71.16,9.662075,9.644,8.043925,8.0575,2428277.0,1282294.0,1145983.0
2018,19,2018-05-07,2018U19,14991,75.4,9.597325,9.5425,8.0676,7.9961,2428277.0,1282294.0,1145983.0
2018,20,2018-05-14,2018U20,14951,76.09,9.57035,9.5773,8.07055,8.1294,2428277.0,1282294.0,1145983.0
2018,21,2018-05-21,2018U21,15363,73.71,9.491525,9.4888,8.0944,8.1275,2428277.0,1282294.0,1145983.0
2018,22,2018-05-28,2018U22,16826,66.17,9.53784,9.5323,8.1939,8.1689,2428277.0,1282294.0,1145983.0
2018,23,2018-06-04,2018U23,16732,61.34,9.50748,9.5085,8.08928,8.0896,2428277.0,1282294.0,1145983.0
2018,24,2018-06-11,2018U24,16548,65.0,9.44818,9.432,8.05248,8.1338,2428277.0,1282294.0,1145983.0
2018,25,2018-06-18,2018U25,16297,61.7,9.45018,9.4328,8.15938,8.0982,2428277.0,1282294.0,1145983.0
2018,26,2018-06-25,2018U26,16929,58.25,9.48122,9.5115,8.14144,8.1588,2428277.0,1282294.0,1145983.0
2018,27,2018-07-02,2018U27,17914,58.55,9.458760000000002,9.4425,8.10126,8.054,2428277.0,1282294.0,1145983.0
2018,28,2018-07-09,2018U28,17402,55.4,9.441880000000001,9.483,8.06498,8.1448,2428277.0,1282294.0,1145983.0
2018,29,2018-07-16,2018U29,17286,55.14,9.52712,9.5905,8.1716,8.2181,2428277.0,1282294.0,1145983.0
2018,30,2018-07-23,2018U30,17367,56.07,9.54872,9.5358,8.167919999999999,8.2028,2428277.0,1282294.0,1145983.0
2018,31,2018-07-30,2018U31,17466,57.44,9.53756,9.541,8.17698,8.2335,2428277.0,1282294.0,1145983.0
2018,32,2018-08-06,2018U32,18978,57.33,9.52808,9.533,8.244919999999999,8.3214,2428277.0,1282294.0,1145983.0
2018,33,2018-08-13,2018U33,19004,53.62,9.58006,9.6795,8.419740000000001,8.4975,2428277.0,1282294.0,1145983.0
2018,34,2018-08-20,2018U34,18551,52.99,9.67998,9.6938,8.38782,8.3654,2428277.0,1282294.0,1145983.0
2018,35,2018-08-27,2018U35,17501,57.43,9.72108,9.7148,8.3306,8.3382,2428277.0,1282294.0,1145983.0
2018,36,2018-09-03,2018U36,17919,62.6,9.7436,9.7745,8.399379999999999,8.4154,2428277.0,1282294.0,1145983.0
2018,37,2018-09-10,2018U37,18489,62.1,9.64246,9.6245,8.307080000000001,8.2338,2428277.0,1282294.0,1145983.0
2018,38,2018-09-17,2018U38,17736,60.28,9.564820000000001,9.5793,8.166360000000001,8.1464,2428277.0,1282294.0,1145983.0
2018,39,2018-09-24,2018U39,19344,59.15,9.531020000000002,9.4665,8.13656,8.1777,2428277.0,1282294.0,1145983.0
2018,40,2018-10-01,2018U40,19999,57.93,9.46154,9.5133,8.19832,8.2681,2428277.0,1282294.0,1145983.0
2018,41,2018-10-08,2018U41,19237,58.49,9.48408,9.4675,8.238339999999999,8.18,2428277.0,1282294.0,1145983.0
2018,42,2018-10-15,2018U42,20828,58.95,9.4441,9.4518,8.18778,8.2405,2428277.0,1282294.0,1145983.0
2018,43,2018-10-22,2018U43,19103,57.77,9.49334,9.516,8.30992,8.3878,2428277.0,1282294.0,1145983.0
2018,44,2018-10-29,2018U44,19305,59.07,9.527719999999999,9.5143,8.37526,8.3335,2428277.0,1282294.0,1145983.0
2018,45,2018-11-05,2018U45,18638,57.37,9.530240000000001,9.5418,8.35196,8.4098,2428277.0,1282294.0,1145983.0
2018,46,2018-11-12,2018U46,19468,55.9,9.58154,9.6118,8.4833,8.4715,2428277.0,1282294.0,1145983.0
2018,47,2018-11-19,2018U47,19701,53.84,9.71362,9.7365,8.519,8.5769,2428277.0,1282294.0,1145983.0
2018,48,2018-11-26,2018U48,19860,55.76,9.72836,9.74,8.57568,8.5747,2428277.0,1282294.0,1145983.0
2018,49,2018-12-03,2018U49,21773,59.5,9.67688,9.697,8.515899999999998,8.5278,2428277.0,1282294.0,1145983.0
2018,50,2018-12-10,2018U50,23046,58.87,9.71622,9.7235,8.55228,8.6163,2428277.0,1282294.0,1145983.0
2018,51,2018-12-17,2018U51,21874,58.2,9.88892,9.9428,8.676300000000001,8.7111,2428277.0,1282294.0,1145983.0
2018,52,2018-12-24,2018U52,9179,65.15,9.9718,9.9738,8.7354,8.7077,2428277.0,1282294.0,1145983.0
2019,1,2018-12-31,2019U01,12098,66.66,9.9088,9.8648,8.6924,8.6511,2629099.0,1364351.0,1264748.0
2019,2,2019-01-07,2019U02,16968,63.9,9.770140000000001,9.7578,8.50956,8.4608,2629099.0,1364351.0,1264748.0
2019,3,2019-01-14,2019U03,15367,62.88,9.75278,9.7218,8.5434,8.5264,2629099.0,1364351.0,1264748.0
2019,4,2019-01-21,2019U04,17427,60.83,9.73904,9.7045,8.577639999999999,8.5532,2629099.0,1364351.0,1264748.0
2019,5,2019-01-28,2019U05,16333,57.41,9.69202,9.6685,8.468,8.4286,2629099.0,1364351.0,1264748.0
2019,6,2019-02-04,2019U06,17688,56.73,9.71354,9.7693,8.527840000000001,8.6103,2629099.0,1364351.0,1264748.0
2019,7,2019-02-11,2019U07,17634,56.82,9.7805,9.769,8.66482,8.6758,2629099.0,1364351.0,1264748.0
2019,8,2019-02-18,2019U08,17103,60.0,9.75508,9.7643,8.61104,8.6219,2629099.0,1364351.0,1264748.0
2019,9,2019-02-25,2019U09,15192,65.65,9.74008,9.7268,8.55884,8.545,2629099.0,1364351.0,1264748.0
2019,10,2019-03-04,2019U10,14387,72.45,9.80578,9.8733,8.68346,8.7982,2629099.0,1364351.0,1264748.0
2019,11,2019-03-11,2019U11,14472,71.55,9.7269,9.688,8.61942,8.5674,2629099.0,1364351.0,1264748.0
2019,12,2019-03-18,2019U12,16569,67.78,9.65962,9.6423,8.51074,8.5315,2629099.0,1364351.0,1264748.0
2019,13,2019-03-25,2019U13,17460,65.13,9.67816,9.659,8.59076,8.5972,2629099.0,1364351.0,1264748.0
2019,14,2019-04-01,2019U14,17409,68.21,9.63922,9.661,8.586400000000001,8.6006,2629099.0,1364351.0,1264748.0
2019,15,2019-04-08,2019U15,19916,67.33,9.6059,9.602,8.517900000000001,8.4816,2629099.0,1364351.0,1264748.0
2019,16,2019-04-15,2019U16,12499,71.45,9.588833333333334,9.5778,8.480933333333333,8.4752,2629099.0,1364351.0,1264748.0
2019,17,2019-04-22,2019U17,16037,69.53,9.63015,9.6653,8.615975,8.6817,2629099.0,1364351.0,1264748.0
2019,18,2019-04-29,2019U18,16133,62.85,9.71985,9.7783,8.69115,8.7658,2629099.0,1364351.0,1264748.0
2019,19,2019-05-06,2019U19,16315,61.94,9.801120000000001,9.8193,8.74958,8.7438,2629099.0,1364351.0,1264748.0
2019,20,2019-05-13,2019U20,16127,65.48,9.79135,9.7513,8.731175,8.7042,2629099.0,1364351.0,1264748.0
2019,21,2019-05-20,2019U21,18992,61.33,9.7718,9.7558,8.7522,8.7207,2629099.0,1364351.0,1264748.0
2019,22,2019-05-27,2019U22,17473,58.52,9.758325,9.7915,8.732925,8.7808,2629099.0,1364351.0,1264748.0
2019,23,2019-06-03,2019U23,15457,61.85,9.78844,9.7963,8.704759999999998,8.6901,2629099.0,1364351.0,1264748.0
2019,24,2019-06-10,2019U24,15627,69.9,9.7742,9.7728,8.65035,8.6754,2629099.0,1364351.0,1264748.0
2019,25,2019-06-17,2019U25,17756,64.09,9.741719999999999,9.686,8.65954,8.5596,2629099.0,1364351.0,1264748.0
2019,26,2019-06-24,2019U26,17510,60.12,9.680240000000001,9.6938,8.507259999999999,8.5183,2629099.0,1364351.0,1264748.0
2019,27,2019-07-01,2019U27,15805,61.06,9.65558,9.6325,8.54614,8.5546,2629099.0,1364351.0,1264748.0
2019,28,2019-07-08,2019U28,16630,64.64,9.66568,9.6208,8.60284,8.5495,2629099.0,1364351.0,1264748.0
2019,29,2019-07-15,2019U29,16754,60.18,9.61904,9.6138,8.56568,8.5639,2629099.0,1364351.0,1264748.0
2019,30,2019-07-22,2019U30,18839,56.16,9.64822,9.6913,8.64838,8.7011,2629099.0,1364351.0,1264748.0
2019,31,2019-07-29,2019U31,19422,54.13,9.78612,9.9105,8.80592,8.9236,2629099.0,1364351.0,1264748.0
2019,32,2019-08-05,2019U32,19035,54.45,9.979859999999999,9.9588,8.916640000000001,8.8934,2629099.0,1364351.0,1264748.0
2019,33,2019-08-12,2019U33,19510,55.05,9.99828,9.9653,8.954339999999998,8.9972,2629099.0,1364351.0,1264748.0
2019,34,2019-08-19,2019U34,20732,51.82,9.95084,9.9593,8.9759,9.0007,2629099.0,1364351.0,1264748.0
2019,35,2019-08-26,2019U35,19995,55.1,10.01296,10.038,9.035300000000001,9.0957,2629099.0,1364351.0,1264748.0
2019,36,2019-09-02,2019U36,20918,53.07,9.96756,9.923,9.06034,8.9988,2629099.0,1364351.0,1264748.0
2019,37,2019-09-09,2019U37,21666,50.8,9.88578,9.9213,8.96512,8.9413,2629099.0,1364351.0,1264748.0
2019,38,2019-09-16,2019U38,22100,48.62,9.89982,9.9423,8.9661,9.0139,2629099.0,1364351.0,1264748.0
2019,39,2019-09-23,2019U39,22761,47.73,9.93296,9.9155,9.05586,9.0677,2629099.0,1364351.0,1264748.0
2019,40,2019-09-30,2019U40,21618,46.83,9.968520000000002,9.9915,9.12166,9.1006,2629099.0,1364351.0,1264748.0
2019,41,2019-10-07,2019U41,21887,50.7,10.04552,10.0375,9.12688,9.0895,2629099.0,1364351.0,1264748.0
2019,42,2019-10-14,2019U42,21025,54.66,10.13408,10.2198,9.15948,9.1707,2629099.0,1364351.0,1264748.0
2019,43,2019-10-21,2019U43,21587,53.87,10.16958,10.1865,9.13534,9.1712,2629099.0,1364351.0,1264748.0
2019,44,2019-10-28,2019U44,21899,52.99,10.229980000000001,10.1638,9.20282,9.1245,2629099.0,1364351.0,1264748.0
2019,45,2019-11-04,2019U45,19393,54.48,10.12122,10.0893,9.1235,9.1438,2629099.0,1364351.0,1264748.0
2019,46,2019-11-11,2019U46,20563,58.63,10.09282,10.0345,9.15986,9.0942,2629099.0,1364351.0,1264748.0
2019,47,2019-11-18,2019U47,21543,61.56,10.10538,10.1083,9.129299999999999,9.1412,2629099.0,1364351.0,1264748.0
2019,48,2019-11-25,2019U48,21783,63.25,10.104560000000001,10.1045,9.182,9.201,2629099.0,1364351.0,1264748.0
2019,49,2019-12-02,2019U49,20399,63.72,10.15184,10.1235,9.168479999999999,9.1252,2629099.0,1364351.0,1264748.0
2019,50,2019-12-09,2019U50,22556,68.76,10.13072,10.063,9.120740000000001,9.0057,2629099.0,1364351.0,1264748.0
2019,51,2019-12-16,2019U51,20352,75.05,10.010580000000001,9.9463,8.9963,8.9631,2629099.0,1364351.0,1264748.0
2019,52,2019-12-23,2019U52,8714,77.04,9.8854,9.8578,8.894749999999998,8.8387,2629099.0,1364351.0,1264748.0
2020,1,2019-12-30,2020U01,11249,78.2,9.845525,9.8315,8.79795,8.8199,2722976.0,1388762.0,1334214.0
2020,2,2020-01-06,2020U02,16141,77.63,9.85908,9.8745,8.853159999999999,8.9032,2722976.0,1388762.0,1334214.0
2020,3,2020-01-13,2020U03,17512,76.38,9.892859999999999,9.889,8.88688,8.9026,2722976.0,1388762.0,1334214.0
2020,4,2020-01-20,2020U04,16034,75.53,9.93636,9.9375,8.96562,9.0054,2722976.0,1388762.0,1334214.0
2020,5,2020-01-27,2020U05,16259,70.25,10.106300000000001,10.1893,9.16884,9.2194,2722976.0,1388762.0,1334214.0
2020,6,2020-02-03,2020U06,15452,65.56,10.17344,10.1673,9.23028,9.2691,2722976.0,1388762.0,1334214.0
2020,7,2020-02-10,2020U07,17375,64.49,10.06518,10.0258,9.23838,9.2472,2722976.0,1388762.0,1334214.0
2020,8,2020-02-17,2020U08,15504,68.42,10.055240000000001,10.0873,9.303180000000001,9.3392,2722976.0,1388762.0,1334214.0
2020,9,2020-02-24,2020U09,16153,72.8,10.23694,10.3888,9.39602,9.4642,2722976.0,1388762.0,1334214.0
2020,10,2020-03-02,2020U10,14891,67.74,10.3823,10.4983,9.28878,9.261,2722976.0,1388762.0,1334214.0
2020,11,2020-03-09,2020U11,18009,66.17,11.01078,11.0966,9.74194,9.9933,2722976.0,1388762.0,1334214.0
2020,12,2020-03-16,2020U12,15332,61.29,11.82436,12.1215,10.8379,11.3211,2722976.0,1388762.0,1334214.0
2020,13,2020-03-23,2020U13,15676,58.95,11.83778,11.6558,10.88026,10.6184,2722976.0,1388762.0,1334214.0
2020,14,2020-03-30,2020U14,16955,60.04,11.39292,11.2628,10.42946,10.443,2722976.0,1388762.0,1334214.0
2020,15,2020-04-06,2020U15,11992,59.34,11.225333333333333,11.194,10.347466666666667,10.2971,2722976.0,1388762.0,1334214.0
2020,16,2020-04-13,2020U16,15119,56.11,11.365275,11.2845,10.423675,10.3909,2722976.0,1388762.0,1334214.0
2020,17,2020-04-20,2020U17,16029,56.46,11.48532,11.4785,10.60794,10.6282,2722976.0,1388762.0,1334214.0
2020,18,2020-04-27,2020U18,15212,55.85,11.2966,11.184,10.4004,10.2832,2722976.0,1388762.0,1334214.0
2020,19,2020-05-04,2020U19,15927,54.66,11.1402,11.0695,10.273340000000001,10.2089,2722976.0,1388762.0,1334214.0
2020,20,2020-05-11,2020U20,16824,59.17,11.03048,11.0568,10.18586,10.2397,2722976.0,1388762.0,1334214.0
2020,21,2020-05-18,2020U21,15417,65.46,10.916475,10.9078,10.00535,10.0035,2722976.0,1388762.0,1334214.0
2020,22,2020-05-25,2020U22,16342,64.28,10.860339999999999,10.788,9.868739999999999,9.6875,2722976.0,1388762.0,1334214.0
2020,23,2020-06-01,2020U23,13442,69.23,10.62565,10.5403,9.4565,9.303,2722976.0,1388762.0,1334214.0
2020,24,2020-06-08,2020U24,17174,69.94,10.62158,10.8475,9.382079999999998,9.5962,2722976.0,1388762.0,1334214.0
2020,25,2020-06-15,2020U25,16081,61.92,10.75102,10.7135,9.56074,9.5571,2722976.0,1388762.0,1334214.0
2020,26,2020-06-22,2020U26,15888,59.01,10.81772,10.885,9.6205,9.7075,2722976.0,1388762.0,1334214.0
2020,27,2020-06-29,2020U27,16147,59.81,10.79034,10.6775,9.60146,9.5131,2722976.0,1388762.0,1334214.0
2020,28,2020-07-06,2020U28,18090,58.69,10.65734,10.7163,9.4282,9.5036,2722976.0,1388762.0,1334214.0
2020,29,2020-07-13,2020U29,17391,52.68,10.643559999999999,10.5995,9.3383,9.275,2722976.0,1388762.0,1334214.0
2020,30,2020-07-20,2020U30,16482,52.23,10.58724,10.6953,9.1831,9.2137,2722976.0,1388762.0,1334214.0
2020,31,2020-07-27,2020U31,16616,49.72,10.69464,10.7323,9.09524,9.0583,2722976.0,1388762.0,1334214.0
2020,32,2020-08-03,2020U32,18471,49.62,10.686240000000002,10.6433,9.05568,9.0068,2722976.0,1388762.0,1334214.0
2020,33,2020-08-10,2020U33,17910,51.7,10.559239999999999,10.5403,8.95424,8.9226,2722976.0,1388762.0,1334214.0
2020,34,2020-08-17,2020U34,18922,52.61,10.55132,10.5913,8.895199999999999,8.9993,2722976.0,1388762.0,1334214.0
2020,35,2020-08-24,2020U35,18760,49.25,10.54714,10.47,8.91264,8.7872,2722976.0,1388762.0,1334214.0
2020,36,2020-08-31,2020U36,21788,48.9,10.48142,10.5768,8.8168,8.9316,2722976.0,1388762.0,1334214.0
2020,37,2020-09-07,2020U37,21188,49.46,10.66428,10.7028,9.02462,9.0289,2722976.0,1388762.0,1334214.0
2020,38,2020-09-14,2020U38,20791,48.5,10.7056,10.7538,9.0318,9.088,2722976.0,1388762.0,1334214.0
2020,39,2020-09-21,2020U39,20748,50.77,11.01548,11.1445,9.415899999999999,9.5793,2722976.0,1388762.0,1334214.0
2020,40,2020-09-28,2020U40,23535,49.83,11.00488,10.904,9.3961,9.2958,2722976.0,1388762.0,1334214.0
2020,41,2020-10-05,2020U41,22748,48.58,10.88864,10.8623,9.24444,9.2092,2722976.0,1388762.0,1334214.0
2020,42,2020-10-12,2020U42,21602,50.0,10.86628,10.957,9.244240000000001,9.3323,2722976.0,1388762.0,1334214.0
2020,43,2020-10-19,2020U43,21738,48.04,10.93972,10.9178,9.25158,9.2087,2722976.0,1388762.0,1334214.0
2020,44,2020-10-26,2020U44,21486,47.09,10.99982,11.094,9.3574,9.4837,2722976.0,1388762.0,1334214.0
2020,45,2020-11-02,2020U45,21382,46.9,10.97034,10.9203,9.329519999999999,9.1999,2722976.0,1388762.0,1334214.0
2020,46,2020-11-09,2020U46,20136,47.98,10.725460000000002,10.8123,9.07976,9.1513,2722976.0,1388762.0,1334214.0
2020,47,2020-11-16,2020U47,21750,48.58,10.71242,10.6613,9.0362,8.987,2722976.0,1388762.0,1334214.0
2020,48,2020-11-23,2020U48,21964,47.67,10.60988,10.563,8.919239999999999,8.8601,2722976.0,1388762.0,1334214.0
2020,49,2020-11-30,2020U49,23507,46.35,10.646180000000001,10.6598,8.8243,8.767,2722976.0,1388762.0,1334214.0
2020,50,2020-12-07,2020U50,24043,46.09,10.646840000000001,10.6968,8.78552,8.8206,2722976.0,1388762.0,1334214.0
2020,51,2020-12-14,2020U51,24827,46.24,10.55878,10.5163,8.65556,8.5784,2722976.0,1388762.0,1334214.0
2020,52,2020-12-21,2020U52,14127,50.22,10.623133333333334,10.6238,8.712833333333334,8.7324,2722976.0,1388762.0,1334214.0
2020,53,2020-12-28,2020U53,13597,54.01,10.534650000000001,10.4703,8.594525,8.5326,2722976.0,1388762.0,1334214.0
2021,1,2021-01-04,2021U01,18590,50.38,10.38522,10.2863,8.452760000000001,8.397,2902040.0,1562624.0,1339416.0
2021,2,2021-01-11,2021U02,18720,46.55,10.34156,10.3135,8.5134,8.5074,2902040.0,1562624.0,1339416.0
2021,3,2021-01-18,2021U03,19141,49.81,10.326640000000001,10.3308,8.51864,8.4971,2902040.0,1562624.0,1339416.0
2021,4,2021-01-25,2021U04,20045,47.94,10.41082,10.343,8.5848,8.5226,2902040.0,1562624.0,1339416.0
2021,5,2021-02-01,2021U05,19322,47.31,10.34682,10.3068,8.60458,8.6012,2902040.0,1562624.0,1339416.0
2021,6,2021-02-08,2021U06,20115,51.21,10.260760000000001,10.285,8.47854,8.4944,2902040.0,1562624.0,1339416.0
2021,7,2021-02-15,2021U07,19128,51.07,10.20574,10.2095,8.4269,8.4105,2902040.0,1562624.0,1339416.0
2021,8,2021-02-22,2021U08,16754,55.51,10.3029,10.4012,8.47744,8.5811,2902040.0,1562624.0,1339416.0
2021,9,2021-03-01,2021U09,17969,63.31,10.26622,10.211,8.54084,8.5534,2902040.0,1562624.0,1339416.0
2021,10,2021-03-08,2021U10,16959,62.79,10.10418,10.0863,8.48334,8.4524,2902040.0,1562624.0,1339416.0
2021,11,2021-03-15,2021U11,17699,59.97,10.1261,10.2018,8.501339999999999,8.5794,2902040.0,1562624.0,1339416.0
2021,12,2021-03-22,2021U12,20495,62.06,10.153,10.1258,8.572700000000001,8.5943,2902040.0,1562624.0,1339416.0
2021,13,2021-03-29,2021U13,14286,65.25,10.043533333333334,9.9955,8.547666666666666,8.5249,2902040.0,1562624.0,1339416.0
2021,14,2021-04-05,2021U14,15144,65.17,10.080325,10.113,8.49645,8.5069,2902040.0,1562624.0,1339416.0
2021,15,2021-04-12,2021U15,17979,60.99,10.079460000000001,10.018,8.43914,8.3581,2902040.0,1562624.0,1339416.0
2021,16,2021-04-19,2021U16,16234,61.13,10.02052,10.043,8.322019999999998,8.3234,2902040.0,1562624.0,1339416.0
2021,17,2021-04-26,2021U17,14629,65.74,9.97808,9.9533,8.25266,8.2381,2902040.0,1562624.0,1339416.0
2021,18,2021-05-03,2021U18,14137,65.06,10.01628,10.0125,8.32068,8.3029,2902040.0,1562624.0,1339416.0
2021,19,2021-05-10,2021U19,14863,71.08,10.016625000000001,10.0074,8.247575,8.2549,2902040.0,1562624.0,1339416.0
2021,20,2021-05-17,2021U20,14746,68.48,10.109449999999999,10.142,8.28225,8.3213,2902040.0,1562624.0,1339416.0
2021,21,2021-05-24,2021U21,15977,63.53,10.1872,10.179,8.344625,8.3833,2902040.0,1562624.0,1339416.0
2021,22,2021-05-31,2021U22,17993,59.59,10.155,10.156,8.33532,8.3816,2902040.0,1562624.0,1339416.0
2021,23,2021-06-07,2021U23,17277,57.64,10.06854,10.0828,8.27492,8.3157,2902040.0,1562624.0,1339416.0
2021,24,2021-06-14,2021U24,17738,61.45,10.154,10.2868,8.43754,8.6458,2902040.0,1562624.0,1339416.0
2021,25,2021-06-21,2021U25,19385,60.12,10.19392,10.136,8.5489,8.482,2902040.0,1562624.0,1339416.0
2021,26,2021-06-28,2021U26,18688,59.17,10.197059999999999,10.2375,8.58508,8.659,2902040.0,1562624.0,1339416.0
2021,27,2021-07-05,2021U27,18410,59.85,10.27792,10.3355,8.676179999999999,8.7161,2902040.0,1562624.0,1339416.0
2021,28,2021-07-12,2021U28,17066,64.69,10.34732,10.3878,8.75132,8.8017,2902040.0,1562624.0,1339416.0
2021,29,2021-07-19,2021U29,19289,66.05,10.50436,10.4065,8.92394,8.8438,2902040.0,1562624.0,1339416.0
2021,30,2021-07-26,2021U30,19460,62.03,10.438379999999999,10.4405,8.82112,8.7802,2902040.0,1562624.0,1339416.0
2021,31,2021-08-02,2021U31,20239,58.52,10.44096,10.423,8.80518,8.8278,2902040.0,1562624.0,1339416.0
2021,32,2021-08-09,2021U32,21558,59.08,10.43242,10.3753,8.885499999999999,8.8188,2902040.0,1562624.0,1339416.0
2021,33,2021-08-16,2021U33,22000,56.91,10.47402,10.6,8.93276,9.0823,2902040.0,1562624.0,1339416.0
2021,34,2021-08-23,2021U34,23881,54.08,10.39852,10.3575,8.854099999999999,8.8066,2902040.0,1562624.0,1339416.0
2021,35,2021-08-30,2021U35,24787,54.41,10.266079999999999,10.2738,8.67508,8.6538,2902040.0,1562624.0,1339416.0
2021,36,2021-09-06,2021U36,26422,52.3,10.26088,10.2028,8.6619,8.6165,2902040.0,1562624.0,1339416.0
2021,37,2021-09-13,2021U37,25827,53.43,10.15098,10.1208,8.608239999999999,8.5915,2902040.0,1562624.0,1339416.0
2021,38,2021-09-20,2021U38,26728,52.88,10.145520000000001,10.089,8.65484,8.6091,2902040.0,1562624.0,1339416.0
2021,39,2021-09-27,2021U39,26410,53.54,10.09918,10.0204,8.6751,8.6383,2902040.0,1562624.0,1339416.0
2021,40,2021-10-04,2021U40,25798,55.33,9.92796,9.8855,8.57178,8.5448,2902040.0,1562624.0,1339416.0
2021,41,2021-10-11,2021U41,24509,58.39,9.83192,9.7625,8.49124,8.4145,2902040.0,1562624.0,1339416.0
2021,42,2021-10-18,2021U42,22881,59.63,9.73116,9.7075,8.36746,8.3469,2902040.0,1562624.0,1339416.0
2021,43,2021-10-25,2021U43,24174,57.98,9.72514,9.7495,8.372800000000002,8.3723,2902040.0,1562624.0,1339416.0
2021,44,2021-11-01,2021U44,25120,56.09,9.82732,9.8878,8.49434,8.5839,2902040.0,1562624.0,1339416.0
2021,45,2021-11-08,2021U45,24527,54.86,9.90702,9.9508,8.59696,8.6922,2902040.0,1562624.0,1339416.0
2021,46,2021-11-15,2021U46,24388,58.13,9.93874,10.0483,8.757900000000001,8.9152,2902040.0,1562624.0,1339416.0
2021,47,2021-11-22,2021U47,24322,61.84,10.07906,10.1613,8.95802,8.9995,2902040.0,1562624.0,1339416.0
2021,48,2021-11-29,2021U48,23677,61.11,10.25934,10.2875,9.065760000000001,9.1112,2902040.0,1562624.0,1339416.0
2021,49,2021-12-06,2021U49,23597,65.06,10.17376,10.1335,9.015179999999999,8.9892,2902040.0,1562624.0,1339416.0
2021,50,2021-12-13,2021U50,25735,71.77,10.191840000000001,10.1783,9.01704,8.9835,2902040.0,1562624.0,1339416.0
2021,51,2021-12-20,2021U51,18099,71.32,10.103225,10.0113,8.945125,8.8517,2902040.0,1562624.0,1339416.0
2021,52,2021-12-27,2021U52,14360,68.38,9.992140000000001,9.9888,8.82608,8.8194,2902040.0,1562624.0,1339416.0
2022,1,2022-01-03,2022U01,18114,67.32,10.009220000000001,10.0288,8.84744,8.8766,2870578.0,1552245.0,1318333.0
2022,2,2022-01-10,2022U02,17600,72.05,9.97768,9.9863,8.76282,8.7239,2870578.0,1552245.0,1318333.0
2022,3,2022-01-17,2022U03,17699,72.97,9.9746,10.0523,8.780339999999999,8.8582,2870578.0,1552245.0,1318333.0
2022,4,2022-01-24,2022U04,18163,70.56,10.06602,10.026,8.96404,9.0016,2870578.0,1552245.0,1318333.0
2022,5,2022-01-31,2022U05,17327,74.42,9.97958,10.0483,8.83378,8.7651,2870578.0,1552245.0,1318333.0
2022,6,2022-02-07,2022U06,17680,77.55,10.06852,10.0732,8.80948,8.823,2870578.0,1552245.0,1318333.0
2022,7,2022-02-14,2022U07,17933,87.6,10.107420000000001,10.1465,8.90412,8.9365,2870578.0,1552245.0,1318333.0
2022,8,2022-02-21,2022U08,17513,87.92,10.0745,9.9756,8.93108,8.8941,2870578.0,1552245.0,1318333.0
2022,9,2022-02-28,2022U09,16643,83.75,9.8733,9.8358,8.89976,8.9997,2870578.0,1552245.0,1318333.0
2022,10,2022-03-07,2022U10,16738,83.23,9.82906,9.8033,8.95946,8.9202,2870578.0,1552245.0,1318333.0
2022,11,2022-03-14,2022U11,17326,78.28,9.79612,9.694,8.905080000000002,8.8063,2870578.0,1552245.0,1318333.0
2022,12,2022-03-21,2022U12,17129,83.53,9.58722,9.5205,8.71134,8.6534,2870578.0,1552245.0,1318333.0
2022,13,2022-03-28,2022U13,16023,84.16,9.62508,9.6628,8.697880000000001,8.743,2870578.0,1552245.0,1318333.0
2022,14,2022-04-04,2022U14,17628,93.21,9.5417,9.508,8.726140000000001,8.7543,2870578.0,1552245.0,1318333.0
2022,15,2022-04-11,2022U15,12041,94.63,9.552200000000001,9.5693,8.793966666666668,8.8392,2870578.0,1552245.0,1318333.0
2022,16,2022-04-18,2022U16,13181,98.93,9.56785,9.6255,8.831175,8.8985,2870578.0,1552245.0,1318333.0
2022,17,2022-04-25,2022U17,14245,107.75,9.78628,9.7525,9.22856,9.2528,2870578.0,1552245.0,1318333.0
2022,18,2022-05-02,2022U18,13902,108.21,9.91302,9.9808,9.39644,9.4426,2870578.0,1552245.0,1318333.0
2022,19,2022-05-09,2022U19,16113,97.65,10.19264,10.2043,9.7157,9.826,2870578.0,1552245.0,1318333.0
2022,20,2022-05-16,2022U20,13367,92.71,10.250875,10.262,9.751999999999999,9.7022,2870578.0,1552245.0,1318333.0
2022,21,2022-05-23,2022U21,14301,95.13,10.2476,10.179,9.58695,9.4936,2870578.0,1552245.0,1318333.0
2022,22,2022-05-30,2022U22,16537,95.88,10.09104,10.103,9.41136,9.4157,2870578.0,1552245.0,1318333.0
2022,23,2022-06-06,2022U23,13618,96.66,10.163775000000001,10.1495,9.516575,9.5949,2870578.0,1552245.0,1318333.0
2022,24,2022-06-13,2022U24,15317,98.43,10.40296,10.4525,9.96004,9.9681,2870578.0,1552245.0,1318333.0
2022,25,2022-06-20,2022U25,16619,97.43,10.43016,10.4345,9.91376,9.915,2870578.0,1552245.0,1318333.0
2022,26,2022-06-27,2022U26,16407,93.13,10.353019999999999,10.3651,9.8676,9.9425,2870578.0,1552245.0,1318333.0
2022,27,2022-07-04,2022U27,16656,90.29,10.28302,10.263,10.030339999999999,10.0984,2870578.0,1552245.0,1318333.0
2022,28,2022-07-11,2022U28,17935,88.52,10.26942,10.2763,10.214099999999998,10.216,2870578.0,1552245.0,1318333.0
2022,29,2022-07-18,2022U29,18927,80.74,10.17768,10.1498,9.9854,9.9605,2870578.0,1552245.0,1318333.0
2022,30,2022-07-25,2022U30,18358,74.23,9.96246,9.8773,9.79946,9.6855,2870578.0,1552245.0,1318333.0
2022,31,2022-08-01,2022U31,18577,75.23,9.91142,9.982,9.70472,9.7547,2870578.0,1552245.0,1318333.0
2022,32,2022-08-08,2022U32,20183,73.83,9.88116,9.813,9.62972,9.5411,2870578.0,1552245.0,1318333.0
2022,33,2022-08-15,2022U33,22368,69.86,9.84534,9.8418,9.705400000000001,9.7889,2870578.0,1552245.0,1318333.0
2022,34,2022-08-22,2022U34,24160,64.62,9.69174,9.667,9.72312,9.6602,2870578.0,1552245.0,1318333.0
2022,35,2022-08-29,2022U35,24010,61.94,9.89562,10.0035,9.89234,10.0105,2870578.0,1552245.0,1318333.0
2022,36,2022-09-05,2022U36,25032,61.8,9.96134,9.9836,10.0033,9.9349,2870578.0,1552245.0,1318333.0
2022,37,2022-09-12,2022U37,25816,64.49,10.08038,10.1985,10.0286,10.2456,2870578.0,1552245.0,1318333.0
2022,38,2022-09-19,2022U38,27882,64.55,10.26198,10.2335,10.36208,10.4916,2870578.0,1552245.0,1318333.0
2022,39,2022-09-26,2022U39,26236,65.67,10.4398,10.5838,10.80538,10.8574,2870578.0,1552245.0,1318333.0
2022,40,2022-10-03,2022U40,24934,69.38,10.48408,10.4498,10.64918,10.6663,2870578.0,1552245.0,1318333.0
2022,41,2022-10-10,2022U41,25531,72.88,10.372119999999999,10.3323,10.67488,10.6332,2870578.0,1552245.0,1318333.0
2022,42,2022-10-17,2022U42,25004,72.09,10.38212,10.4315,10.61742,10.721,2870578.0,1552245.0,1318333.0
2022,43,2022-10-24,2022U43,23779,70.64,10.34706,10.2695,10.40556,10.3201,2870578.0,1552245.0,1318333.0
2022,44,2022-10-31,2022U44,23740,70.76,10.256260000000001,10.2019,10.38292,10.3342,2870578.0,1552245.0,1318333.0
2022,45,2022-11-07,2022U45,24421,68.43,10.2964,10.2635,10.23888,9.9568,2870578.0,1552245.0,1318333.0
2022,46,2022-11-14,2022U46,22962,70.55,10.40456,10.486,10.03936,10.1158,2870578.0,1552245.0,1318333.0
2022,47,2022-11-21,2022U47,22492,78.0,10.38844,10.2985,10.06062,9.9263,2870578.0,1552245.0,1318333.0
2022,48,2022-11-28,2022U48,22316,81.7,10.29422,10.2615,9.86134,9.7376,2870578.0,1552245.0,1318333.0
2022,49,2022-12-05,2022U49,23460,77.77,10.46508,10.5345,9.927200000000001,9.9768,2870578.0,1552245.0,1318333.0
2022,50,2022-12-12,2022U50,24342,77.35,10.45386,10.4833,9.86318,9.8722,2870578.0,1552245.0,1318333.0
2022,51,2022-12-19,2022U51,18401,74.71,10.46006,10.4448,9.8517,9.8332,2870578.0,1552245.0,1318333.0
2022,52,2022-12-26,2022U52,13731,86.33,10.5007,10.5138,9.864675,9.8573,2870578.0,1552245.0,1318333.0
2023,1,2023-01-02,2023U01,14932,89.67,10.66226,10.807,10.0731,10.2924,,,
2023,2,2023-01-09,2023U02,15402,97.51,10.68892,10.6945,9.94284,9.8895,,,
2023,3,2023-01-16,2023U03,16564,94.98,10.71112,10.7135,9.89298,9.8961,,,
2023,4,2023-01-23,2023U04,16916,89.77,10.74288,10.76,9.87996,9.9034,,,
2023,5,2023-01-30,2023U05,16946,93.07,10.8979,10.9783,9.9881,10.0378,,,
2023,6,2023-02-06,2023U06,15269,93.3,10.99548,10.871,10.24334,10.1693,,,
2023,7,2023-02-13,2023U07,14851,103.22,10.91694,11.015,10.2088,10.3671,,,
2023,8,2023-02-20,2023U08,14905,112.46,10.95462,10.937,10.302000000000001,10.3472,,,
2023,9,2023-02-27,2023U09,15004,119.48,11.02346,11.061,10.3845,10.4202,,,
2023,10,2023-03-06,2023U10,13901,118.23,11.217279999999999,11.29,10.58352,10.665,,,
2023,11,2023-03-13,2023U11,13786,122.88,11.38696,11.4218,10.70056,10.752,,,
2023,12,2023-03-20,2023U12,15972,117.32,11.331199999999999,11.3065,10.511379999999999,10.5226,,,
2023,13,2023-03-27,2023U13,17460,111.04,11.342699999999999,11.394,10.4596,10.4772,,,
2023,14,2023-04-03,2023U14,11722,109.21,11.295,11.399,10.358833333333335,10.4196,,,
2023,15,2023-04-10,2023U15,15265,113.39,11.46925,11.402,10.451175,10.312,,,
2023,16,2023-04-17,2023U16,16060,120.57,11.523900000000001,11.6505,10.513079999999999,10.6126,,,
2023,17,2023-04-24,2023U17,17281,111.63,11.7138,11.791,10.63236,10.7376,,,
2023,18,2023-05-01,2023U18,13735,112.37,11.791425,11.6895,10.696175,10.6133,,,
2023,19,2023-05-08,2023U19,15822,108.66,11.5646,11.631,10.5581,10.6785,,,
2023,20,2023-05-15,2023U20,11512,110.87,11.632333333333333,11.701,10.716333333333333,10.8262,,,
2023,21,2023-05-22,2023U21,15492,108.65,11.79546,11.8218,10.947759999999999,10.996,,,
2023,22,2023-05-29,2023U22,15666,112.95,11.92275,11.845,11.120425000000001,11.0053,,,
2023,23,2023-06-05,2023U23,18299,110.08,11.7745,11.612,10.98262,10.7718,,,
2023,24,2023-06-12,2023U24,17359,100.75,11.5506,11.517,10.66562,10.5025,,,
2023,25,2023-06-19,2023U25,16792,89.46,11.7103,11.8565,10.714780000000001,10.8935,,,
2023,26,2023-06-26,2023U26,17238,92.04,11.75446,11.704,10.762,10.7712,,,
2023,27,2023-07-03,2023U27,19220,94.9,11.65626,11.7085,10.70168,10.7536,,,
2023,28,2023-07-10,2023U28,17844,97.02,11.361,11.2105,10.261140000000001,9.9906,,,
2023,29,2023-07-17,2023U29,17898,92.67,11.2361,11.1775,10.027379999999999,10.049,,,
2023,30,2023-07-24,2023U30,19604,86.14,11.1697,11.168,10.09186,10.1435,,,
2023,31,2023-07-31,2023U31,20469,83.28,11.20306,11.1858,10.2115,10.2191,,,
2023,32,2023-08-07,2023U32,21060,80.26,11.25016,11.4225,10.242560000000001,10.3803,,,
2023,33,2023-08-14,2023U33,22698,78.14,11.4872,11.58,10.53132,10.6561,,,
2023,34,2023-08-21,2023U34,24089,76.87,11.5417,11.518,10.63812,10.6569,,,
2023,35,2023-08-28,2023U35,25260,75.15,11.5494,11.486,10.65276,10.592,,,
2023,36,2023-09-04,2023U36,25523,76.81,11.4877,11.422,10.69804,10.6708,,,
2023,37,2023-09-11,2023U37,25480,77.05,11.45636,11.422,10.6953,10.7168,,,
2023,38,2023-09-18,2023U38,24851,76.93,11.49906,11.427,10.775079999999999,10.7326,,,
2023,39,2023-09-25,2023U39,24952,80.54,11.3601,11.2535,10.73596,10.6225,,,
2023,40,2023-10-02,2023U40,25979,82.68,11.48822,11.609,10.92344,10.9902,,,
2023,41,2023-10-09,2023U41,24679,81.28,11.50142,11.516,10.87926,10.9426,,,
2023,42,2023-10-16,2023U42,24609,85.69,11.61322,11.6808,10.99296,11.029,,,
2023,43,2023-10-23,2023U43,26459,83.27,11.8291,11.8285,11.18374,11.2214,,,
2023,44,2023-10-30,2023U44,24437,81.11,11.83756,11.8535,11.14164,11.076,,,
2023,45,2023-11-06,2023U45,23852,81.99,11.8964,11.8725,11.1241,11.1135,,,
2023,46,2023-11-13,2023U46,24833,81.52,11.8293,11.811,10.9576,10.8637,,,
2023,47,2023-11-20,2023U47,22141,83.51,11.7075,11.7345,10.71924,10.7498,,,
2023,48,2023-11-27,2023U48,22910,85.52,11.703,11.698,10.69932,10.7568,,,
2023,49,2023-12-04,2023U49,22243,86.73,11.7482,11.727,10.875960000000001,10.8815,,,
2023,50,2023-12-11,2023U50,24551,87.82,11.6731,11.4495,10.76748,10.46,,,
2023,51,2023-12-18,2023U51,18480,91.03,11.3178,11.2705,10.32098,10.2245,,,
2023,52,2023-12-25,2023U52,10440,100.7,11.246166666666667,11.2405,10.153366666666665,10.1724,,,
2024,1,2024-01-01,2024U01,12105,112.9,11.29875,11.309,10.330575,10.3553,,,
2024,2,2024-01-08,2024U02,16016,108.85,11.31326,11.2765,10.32966,10.3057,,,
2024,3,2024-01-15,2024U03,14622,99.87,11.3874,11.41,10.453819999999999,10.4804,,,
2024,4,2024-01-22,2024U04,15342,104.48,11.40186,11.3325,10.47368,10.4245,,,
2024,5,2024-01-29,2024U05,13511,109.18,11.34956,11.387,10.4695,10.4631,,,
2024,6,2024-02-05,2024U06,15862,106.91,11.422,11.399,10.61628,10.5821,,,
2024,7,2024-02-12,2024U07,13639,107.78,11.3352,11.3555,10.53664,10.5456,,,
2024,8,2024-02-19,2024U08,10687,111.25,11.3423,11.389,10.48952,10.5123,,,
2024,9,2024-02-26,2024U09,12959,109.58,11.4524,11.443,10.57378,10.5826,,,
2024,10,2024-03-04,2024U10,14487,107.29,11.4218,11.3395,10.49898,10.3728,,,
2024,11,2024-03-11,2024U11,14619,106.19,11.475159999999999,11.5205,10.508799999999999,10.577,,,
2024,12,2024-03-18,2024U12,13493,106.78,11.5775,11.617,10.656899999999998,10.7336,,,
2024,13,2024-03-25,2024U13,9512,115.19,11.637833333333333,11.6825,10.740699999999999,10.8011,,,
2024,14,2024-04-01,2024U14,11675,120.04,11.647575,11.6118,10.778875,10.711,,,
2024,15,2024-04-08,2024U15,13015,123.28,11.591,11.587,10.74684,10.8778,,,
2024,16,2024-04-15,2024U16,11766,121.22,11.6998,11.765,10.983039999999999,11.0438,,,
2024,17,2024-04-22,2024U17,12923,113.18,11.7392,11.7995,10.98648,11.0132,,,
2024,18,2024-04-29,2024U18,11511,119.65,11.787375,11.708,10.995775,10.8972,,,
2024,19,2024-05-06,2024U19,10617,122.05,11.6987,11.6735,10.866425,10.8299,,,
2024,20,2024-05-13,2024U20,11698,120.83,11.663124999999999,11.642,10.7771,10.7142,,,
2024,21,2024-05-20,2024U21,12567,118.07,11.54495,11.4953,10.64345,10.6045,,,
2024,22,2024-05-27,2024U22,15060,104.9,11.4057,11.383,10.51238,10.4893,,,
2024,23,2024-06-03,2024U23,16605,92.2,11.4678,11.4865,10.55148,10.54,,,
2024,24,2024-06-10,2024U24,16797,84.87,11.460899999999999,11.4025,10.66712,10.6705,,,
2024,25,2024-06-17,2024U25,18125,85.58,11.3696,11.2685,10.60934,10.5431,,,
2024,26,2024-06-24,2024U26,17377,79.29,11.3729,11.3965,10.62218,10.646,,,
2024,27,2024-07-01,2024U27,19201,78.24,11.443760000000001,11.448,10.624559999999999,10.5765,,,
2024,28,2024-07-08,2024U28,18421,79.78,11.5857,11.7025,10.684059999999999,10.7461,,,
2024,29,2024-07-15,2024U29,18177,81.46,11.7717,11.8255,10.787299999999998,10.859,,,
2024,30,2024-07-22,2024U30,21986,81.55,11.9683,11.937,11.01916,10.9917,,,
2024,31,2024-07-29,2024U31,22624,81.19,11.859399999999999,11.929,10.962,11.0097,,,
2024,32,2024-08-05,2024U32,20669,80.41,11.920860000000001,11.8295,10.90648,10.8359,,,
2024,33,2024-08-12,2024U33,21367,80.89,11.7804,11.8185,10.73306,10.75,,,
2024,34,2024-08-19,2024U34,24242,76.82,11.7341,11.802,10.5719,10.6124,,,
2024,35,2024-08-26,2024U35,25506,73.93,11.7033,11.662,10.5213,10.5186,,,
2024,36,2024-09-02,2024U36,26416,73.08,11.778400000000001,11.8015,10.640719999999998,10.6291,,,
2024,37,2024-09-09,2024U37,27899,74.12,11.912600000000001,11.8495,10.78774,10.6935,,,
2024,38,2024-09-16,2024U38,28673,74.57,11.74892,11.733,10.544599999999999,10.5078,,,
2024,39,2024-09-23,2024U39,29238,73.23,11.7052,11.7575,10.496260000000001,10.5373,,,
2024,40,2024-09-30,2024U40,26543,69.7,11.7145,11.6845,10.56884,10.5943,,,
2024,41,2024-10-07,2024U41,25180,72.76,11.73206,11.7393,10.70632,10.7326,,,
2024,42,2024-10-14,2024U42,25561,76.02,11.799800000000001,11.8115,10.83994,10.8892,,,
2024,43,2024-10-21,2024U43,24910,77.59,11.829699999999999,11.8195,10.93996,10.9187,,,
2024,44,2024-10-28,2024U44,25749,76.49,11.9061,11.96,10.988800000000001,10.9876,,,
2024,45,2024-11-04,2024U45,23871,77.8,11.867500000000001,11.7735,10.97796,10.9297,,,
2024,46,2024-11-11,2024U46,22825,81.68,11.749500000000001,11.699,11.08184,11.0545,,,
2024,47,2024-11-18,2024U47,23333,86.59,11.6417,11.568,11.0601,11.1103,,,
2024,48,2024-11-25,2024U48,25376,89.32,11.660499999999999,11.6805,11.073179999999999,11.059,,,
2024,49,2024-12-02,2024U49,25742,87.46,11.662600000000001,11.7445,11.07936,11.0996,,,
2024,50,2024-12-09,2024U50,25658,90.74,11.70336,11.6758,11.12256,11.1008,,,
2024,51,2024-12-16,2024U51,22450,92.15,11.78486,11.8685,11.27226,11.423,,,
2024,52,2024-12-23,2024U52,9134,111.82,11.82525,11.8435,11.35515,11.3498,,,
2025,1,2024-12-30,2025U01,11364,125.36,11.7677,11.713,11.355275,11.3729,,,
2025,2,2025-01-06,2025U02,15939,117.77,11.7407,11.757,11.35196,11.4101,,,
2025,3,2025-01-13,2025U03,17325,105.08,11.7175,11.759,11.4178,11.4187,,,
2025,4,2025-01-20,2025U04,15564,98.43,11.763200000000001,11.7495,11.312940000000001,11.2199,,,
2025,5,2025-01-27,2025U05,16370,94.49,11.77306,11.7373,11.2894,11.2935,,,
2025,6,2025-02-03,2025U06,15184,92.18,11.67752,11.625,11.27908,11.2027,,,
2025,7,2025-02-10,2025U07,15966,93.23,11.6356,11.6515,11.2137,11.12,,,
2025,8,2025-02-17,2025U08,15536,92.97,11.633500000000002,11.629,11.12998,11.1123,,,
2025,9,2025-02-24,2025U09,18067,92.67,11.68296,11.7245,11.16122,11.2616,,,
2025,10,2025-03-03,2025U10,17116,87.0,11.7596,11.759,11.01924,10.8308,,,
2025,11,2025-03-10,2025U11,17467,88.64,11.6261,11.62,10.69332,10.6713,,,
2025,12,2025-03-17,2025U12,18172,89.09,11.49296,11.401,10.56768,10.5302,,,
2025,13,2025-03-24,2025U13,18828,84.45,11.3369,11.294,10.49344,10.4603,,,
2025,14,2025-03-31,2025U14,19053,76.4,11.4221,11.6815,10.46794,10.5648,,,
2025,15,2025-04-07,2025U15,20009,78.56,12.0213,12.1005,10.85272,10.665,,,
2025,16,2025-04-14,2025U16,13620,95.33,12.021866666666668,12.0725,10.5901,10.6319,,,
2025,17,2025-04-21,2025U17,18343,89.19,11.862375,11.8415,10.4002,10.4266,,,
2025,18,2025-04-28,2025U18,18958,75.35,11.808375,11.7585,10.3931,10.3663,,,
2025,19,2025-05-05,2025U19,18073,74.31,11.7044,11.6725,10.34386,10.3737,,,
2025,20,2025-05-12,2025U20,19523,77.06,11.605160000000001,11.635,10.39696,10.394,,,
2025,21,2025-05-19,2025U21,20466,75.89,11.5425,11.522,10.226740000000001,10.1956,,,
2025,22,2025-05-26,2025U22,18223,70.42,11.506325,11.5408,10.13935,10.178,,,
2025,23,2025-06-02,2025U23,19164,72.42,11.5224,11.524,10.1033,10.099,,,
2025,24,2025-06-09,2025U24,18505,82.73,11.5227,11.4435,10.027000000000001,9.9405,,,
2025,25,2025-06-16,2025U25,22332,76.33,11.4915,11.598,9.96804,10.0721,,,
2025,26,2025-06-23,2025U26,21712,68.74,11.7526,11.792,10.118500000000001,10.0752,,,
2025,27,2025-06-30,2025U27,22602,70.28,11.855799999999999,11.847,10.07568,10.068,,,
2025,28,2025-07-07,2025U28,24500,67.29,11.8337,11.8305,10.10808,10.1263,,,
2025,29,2025-07-14,2025U29,24412,68.13,11.8843,11.8335,10.21264,10.1575,,,
2025,30,2025-07-21,2025U30,26055,65.1,11.8736,11.8995,10.13598,10.1497,,,
2025,31,2025-07-28,2025U31,25317,60.58,11.809059999999999,11.8128,10.25778,10.3585,,,
2025,32,2025-08-04,2025U32,25796,62.05,11.88546,11.954,10.24508,10.2627,,,
2025,33,2025-08-11,2025U33,27320,64.38,11.91206,11.896,10.2133,10.178,,,
2025,34,2025-08-18,2025U34,28180,65.13,11.889100000000001,11.8325,10.20472,10.1934,,,
2025,35,2025-08-25,2025U35,27726,65.86,11.785,11.7465,10.11076,10.0759,,,
2025,36,2025-09-01,2025U36,26744,70.2,11.7218,11.7505,10.04302,10.0457,,,
2025,37,2025-09-08,2025U37,24791,74.99,11.6478,11.5845,9.94144,9.8861,,,
2025,38,2025-09-15,2025U38,24495,77.4,11.606,11.6705,9.8417,9.9442,,,
2025,39,2025-09-22,2025U39,23396,79.91,11.692400000000001,11.7105,9.952679999999999,10.033,,,
2025,40,2025-09-29,2025U40,24009,77.68,11.682300000000001,11.6745,9.954939999999999,9.9493,,,
2025,41,2025-10-06,2025U41,26112,75.38,11.627500000000001,11.6775,9.99804,10.0947,,,
2025,42,2025-10-13,2025U42,26448,73.74,11.72746,11.7293,10.09718,10.0413,,,
2025,43,2025-10-20,2025U43,25886,78.25,11.65106,11.6185,10.03462,10.0056,,,
2025,44,2025-10-27,2025U44,24875,80.55,11.643460000000001,11.6485,10.03588,10.0818,,,
2025,45,2025-11-03,2025U45,24111,78.08,11.725999999999999,11.78,10.18042,10.1894,,,
2025,46,2025-11-10,2025U46,23488,80.1,11.6802,11.7285,10.07106,10.0691,,,
2025,47,2025-11-17,2025U47,24038,84.54,11.743260000000001,11.794,10.158660000000001,10.2378,,,
2025,48,2025-11-24,2025U48,24188,82.5,11.81136,11.7645,10.2132,10.1716,,,
2025,49,2025-12-01,2025U49,23754,88.83,11.771,11.755,10.105799999999999,10.0945,,,
2025,50,2025-12-08,2025U50,25596,95.84,11.8121,11.856,10.118199999999998,10.1066,,,
2025,51,2025-12-15,2025U51,23942,88.71,11.94956,11.915,10.181659999999999,10.1733,,,
2025,52,2025-12-22,2025U52,12527,103.59,11.86825,11.849,10.087399999999999,10.0535,,,
2026,1,2025-12-29,2026U01,13496,100.4,11.823625,11.7985,10.063925000000001,10.0661,,,
2026,2,2026-01-05,2026U02,21000,92.33,11.7673,11.7765,10.079640000000001,10.1155,,,
2026,3,2026-01-12,2026U03,22239,83.65,11.73476,11.7203,10.07486,10.0889,,,
2026,4,2026-01-19,2026U04,20924,83.09,11.6399,11.542,9.94106,9.8297,,,
2026,5,2026-01-26,2026U05,20538,81.29,11.4996,11.3885,9.64342,9.5549,,,
2026,6,2026-02-02,2026U06,19798,92.86,11.4461,11.4695,9.6914,9.7249,,,
2026,7,2026-02-09,2026U07,19990,93.6,11.317,11.326,9.52354,9.5481,,,
2026,8,2026-02-16,2026U08,17853,84.89,11.2567,11.254,9.532259999999999,9.564,,,
2026,9,2026-02-23,2026U09,17853,81.34,11.2626,11.2085,9.55044,9.4947,,,
2026,10,2026-03-02,2026U10,16113,88.03,11.212900000000001,11.1725,9.644499999999999,9.664,,,
2026,11,2026-03-09,2026U11,17120,94.98,11.1576,11.159,9.65212,9.7238,,,
